Date,Open,High,Low,Close,Adj Close,Volume
2021-01-04,87.87699890136719,88.03250122070312,85.39250183105469,86.41200256347656,86.31378173828125,38038000
2021-01-05,86.25,87.38349914550781,85.90074920654297,87.0459976196289,86.94705963134766,22906000
2021-01-06,85.13150024414062,87.4000015258789,84.94999694824219,86.7645034790039,86.66587829589844,52042000
2021-01-07,87.00299835205078,89.41999816894531,86.85250091552734,89.36250305175781,89.26092529296875,45300000
2021-01-08,89.39900207519531,90.49199676513672,88.67675018310547,90.3604965209961,90.2577896118164,41012000
2021-01-11,89.30349731445312,89.71575164794922,88.0260009765625,88.33599853515625,88.23558807373047,24194000
2021-01-12,87.69599914550781,88.9020004272461,86.2655029296875,87.32749938964844,87.22824096679688,27140000
2021-01-13,86.92900085449219,88.25174713134766,86.90049743652344,87.72000122070312,87.62029266357422,21882000
2021-01-14,87.68099975585938,88.75050354003906,86.66999816894531,87.00900268554688,86.91010284423828,23590000
2021-01-15,86.90950012207031,87.80000305175781,86.07749938964844,86.80950164794922,86.71083068847656,26844000
2021-01-19,87.61250305175781,90.46375274658203,87.072998046875,89.54299926757812,89.44121551513672,34692000
2021-01-20,91.572998046875,95.18550109863281,91.27649688720703,94.34500122070312,94.23776245117188,49806000
2021-01-21,94.9000015258789,96.74299621582031,94.35549926757812,94.5625,94.45501708984375,41278000
2021-01-22,94.78399658203125,95.54750061035156,94.08799743652344,95.05249786376953,94.9444580078125,25442000
2021-01-25,96.03350067138672,96.47899627685547,93.37650299072266,94.97000122070312,94.86205291748047,38546000
2021-01-26,94.44200134277344,96.25,94.21224975585938,95.86199951171875,95.75303649902344,26262000
2021-01-27,94.12650299072266,94.5,90.44999694824219,91.53949737548828,91.4354476928711,54966000
2021-01-28,92.1969985961914,94.94149780273438,92.13200378417969,93.15550231933594,93.04961395263672,35462000
2021-01-29,92.30850219726562,92.86399841308594,90.51000213623047,91.78700256347656,91.68267059326172,32252000
2021-02-01,92.67849731445312,96.11959838867188,92.54650115966797,95.06749725341797,94.95943450927734,32044000
2021-02-02,96.12799835205078,97.78800201416016,95.72450256347656,96.37550354003906,96.26596069335938,45474000
2021-02-03,103.6500015258789,105.82499694824219,100.91899871826172,103.50350189208984,103.38585662841797,82364000
2021-02-04,103.44450378417969,103.92749786376953,102.12950134277344,103.11849975585938,103.00128936767578,37046000
2021-02-05,103.5,105.12550354003906,102.96649932861328,104.9000015258789,104.78076934814453,30702000
2021-02-08,105.29550170898438,106.17735290527344,103.5999984741211,104.64550018310547,104.52655029296875,24838000
2021-02-09,103.927001953125,105.25650024414062,103.927001953125,104.17549896240234,104.05708312988281,17798000
2021-02-10,104.71050262451172,105.41850280761719,103.15450286865234,104.76899719238281,104.64990997314453,22710000
2021-02-11,104.97550201416016,105.10150146484375,103.86599731445312,104.79450225830078,104.67538452148438,18914000
2021-02-12,104.51249694824219,105.44100189208984,104.15650177001953,105.20549774169922,105.0859146118164,17114000
2021-02-16,105.21800231933594,107.63400268554688,105.21800231933594,106.09500122070312,105.97441101074219,22676000
2021-02-17,105.0,106.68299865722656,104.94599914550781,106.41549682617188,106.29454040527344,21418000
2021-02-18,105.51950073242188,106.63674926757812,105.18550109863281,105.86000061035156,105.73967742919922,22432000
2021-02-19,105.9635009765625,106.52649688720703,104.87049865722656,105.05699920654297,104.93758392333984,29148000
2021-02-22,103.3499984741211,104.57099914550781,103.10700225830078,103.24400329589844,103.12664794921875,27350000
2021-02-23,101.25050354003906,104.10050201416016,100.10099792480469,103.54299926757812,103.42530822753906,33348000
2021-02-24,102.09149932861328,105.03900146484375,101.90650177001953,104.75849914550781,104.6394271850586,24966000
2021-02-25,103.37249755859375,104.74400329589844,101.06449890136719,101.56800079345703,101.45255279541016,36568000
2021-02-26,102.5260009765625,103.55049896240234,100.8030014038086,101.84300231933594,101.72724151611328,41670000
2021-03-01,102.82599639892578,104.32599639892578,102.30500030517578,104.07550048828125,103.95719909667969,28090000
2021-03-02,103.80950164794922,105.21849822998047,103.56300354003906,103.79199981689453,103.67402648925781,22692000
2021-03-03,103.3604965209961,104.4259033203125,100.5,101.33550262451172,101.22032165527344,29684000
2021-03-04,101.16850280761719,104.46199798583984,101.01349639892578,102.45449829101562,102.33804321289062,42360000
2021-03-05,103.65599822998047,105.90550231933594,102.32074737548828,105.427001953125,105.30716705322266,43904000
2021-03-08,105.05650329589844,106.44049835205078,101.08049774169922,101.20850372314453,101.09346771240234,32948000
2021-03-09,103.5,103.9020004272461,102.3915023803711,102.63500213623047,102.51834106445312,33946000
2021-03-10,103.58799743652344,103.75,101.66850280761719,102.75150299072266,102.63471221923828,25372000
2021-03-11,103.7030029296875,106.28500366210938,103.61900329589844,105.7385025024414,105.61831665039062,24782000
2021-03-12,104.25,104.51300048828125,102.37750244140625,103.09600067138672,102.97881317138672,34516000
2021-03-15,103.11499786376953,103.35299682617188,102.17549896240234,103.32450103759766,103.2070541381836,25962000
2021-03-16,103.94950103759766,106.1780014038086,103.5,104.6259994506836,104.50707244873047,29832000
2021-03-17,103.80149841308594,105.48899841308594,102.69999694824219,104.55400085449219,104.4351577758789,25980000
2021-03-18,103.05000305175781,103.7750015258789,101.67749786376953,101.81099700927734,101.69527435302734,27228000
2021-03-19,102.10250091552734,102.65499877929688,100.88400268554688,102.16000366210938,102.04388427734375,46298000
2021-03-22,102.09200286865234,102.89949798583984,101.30349731445312,101.92949676513672,101.81363677978516,39096000
2021-03-23,102.58499908447266,103.61509704589844,101.96099853515625,102.64800262451172,102.53132629394531,27340000
2021-03-24,103.26850128173828,103.9104995727539,102.07775115966797,102.25299835205078,102.13677215576172,23080000
2021-03-25,102.2405014038086,102.94349670410156,100.5364990234375,102.21800231933594,102.10181427001953,28378000
2021-03-26,101.94300079345703,102.54949951171875,100.70099639892578,101.77749633789062,101.66181182861328,29870000
2021-03-29,101.39399719238281,102.92150115966797,100.78099822998047,102.79750061035156,102.68065643310547,24596000
2021-03-30,102.88150024414062,103.53900146484375,102.20149993896484,102.7770004272461,102.6601791381836,20732000
2021-03-31,102.95600128173828,104.66635131835938,102.83724975585938,103.43150329589844,103.31393432617188,29198000
2021-04-01,104.89749908447266,107.14700317382812,104.84449768066406,106.88749694824219,106.76599884033203,33980000
2021-04-05,107.64700317382812,111.8655014038086,107.58100128173828,111.27749633789062,111.15100860595703,43298000
2021-04-06,111.125,111.88300323486328,110.73999786376953,111.23750305175781,111.1110610961914,27060000
2021-04-07,111.30650329589844,112.75,111.2665023803711,112.48400115966797,112.35614776611328,25798000
2021-04-08,113.89800262451172,114.20024871826172,112.88400268554688,113.27200317382812,113.14324951171875,27166000
2021-04-09,112.83499908447266,114.4520034790039,112.68569946289062,114.29399871826172,114.1640853881836,20888000
2021-04-12,113.3125,113.76599884033203,111.92324829101562,112.739501953125,112.61135864257812,31318000
2021-04-13,113.07350158691406,113.8604965209961,112.80449676513672,113.3635025024414,113.23464965820312,23310000
2021-04-14,113.75800323486328,113.89949798583984,112.45950317382812,112.74199676513672,112.61384582519531,20220000
2021-04-15,113.8489990234375,115.32984924316406,113.30000305175781,114.83300018310547,114.70247650146484,27472000
2021-04-16,115.1500015258789,115.3219985961914,114.22250366210938,114.88800048828125,114.75740814208984,22596000
2021-04-19,114.5989990234375,115.92250061035156,114.39225006103516,115.12000274658203,114.98915100097656,24688000
2021-04-20,115.39450073242188,115.4800033569336,113.58550262451172,114.68150329589844,114.5511474609375,21774000
2021-04-21,114.26249694824219,114.76599884033203,112.92849731445312,114.66449737548828,114.53416442871094,23930000
2021-04-22,114.6614990234375,115.18810272216797,112.82250213623047,113.39600372314453,113.2671127319336,21096000
2021-04-23,114.17350006103516,116.29100036621094,113.9104995727539,115.76499938964844,115.63341522216797,28670000
2021-04-26,115.99649810791016,117.06300354003906,115.69200134277344,116.33699798583984,116.20476531982422,20834000
2021-04-27,116.80000305175781,116.87249755859375,115.2135009765625,115.35600280761719,115.22488403320312,31972000
2021-04-28,120.35724639892578,122.618896484375,118.74250030517578,118.99549865722656,118.86024475097656,59728000
2021-04-29,120.5165023803711,121.82599639892578,120.11399841308594,121.49449920654297,121.35639953613281,39554000
2021-04-30,120.22450256347656,121.35700225830078,120.10800170898438,120.50599670410156,120.3690185546875,39142000
2021-05-03,120.13600158691406,120.98500061035156,119.2249984741211,119.75849914550781,119.62237548828125,33788000
2021-05-04,118.48699951171875,118.96299743652344,115.58499908447266,117.7125015258789,117.57870483398438,35120000
2021-05-05,118.4209976196289,119.11000061035156,117.57050323486328,117.83699798583984,117.70305633544922,21806000
2021-05-06,117.53199768066406,119.135498046875,117.11689758300781,119.06749725341797,118.93215942382812,20618000
2021-05-07,120.0,120.82050323486328,119.5,119.93450164794922,119.79817962646484,23272000
2021-05-10,118.74449920654297,118.9000015258789,116.73650360107422,117.08300018310547,116.94991302490234,26006000
2021-05-11,114.59300231933594,116.0999984741211,114.1500015258789,115.43800354003906,115.30679321289062,32110000
2021-05-12,113.08550262451172,114.26850128173828,111.50250244140625,111.9540023803711,111.82675170898438,34934000
2021-05-13,113.05449676513672,113.83004760742188,112.13600158691406,113.09850311279297,112.9699478149414,26670000
2021-05-14,114.59149932861328,116.05699920654297,114.16600036621094,115.80799865722656,115.67636108398438,26624000
2021-05-17,115.46600341796875,116.16699981689453,114.75,116.07050323486328,115.93856811523438,19842000
2021-05-18,116.84529876708984,117.15750122070312,115.15799713134766,115.17150115966797,115.04058837890625,17302000
2021-05-19,113.22000122070312,115.83799743652344,113.1760025024414,115.43550109863281,115.30429077148438,19350000
2021-05-20,116.4020004272461,118.01699829101562,116.05449676513672,117.80449676513672,117.67059326171875,23832000
2021-05-21,118.29949951171875,118.44999694824219,117.11849975585938,117.25499725341797,117.12171936035156,22832000
2021-05-24,118.3499984741211,120.92400360107422,118.00550079345703,120.33350372314453,120.19672393798828,21244000
2021-05-25,121.0,121.64450073242188,120.14949798583984,120.45349884033203,120.31658172607422,18838000
2021-05-26,120.6417465209961,122.14720153808594,120.62574768066406,121.67649841308594,121.53819274902344,21856000
2021-05-27,121.84700012207031,122.0,120.0999984741211,120.12550354003906,119.98896026611328,38962000
2021-05-28,121.0979995727539,121.40699768066406,120.3844985961914,120.5780029296875,120.44094848632812,24108000
2021-06-01,121.0999984741211,121.89855194091797,120.24400329589844,121.4905014038086,121.35240936279297,19166000
2021-06-02,121.7655029296875,122.0999984741211,120.20999908447266,121.06400299072266,120.9263916015625,17158000
2021-06-03,119.7509994506836,120.48725128173828,119.1415023803711,120.23049926757812,120.09384155273438,18346000
2021-06-04,121.1259994506836,122.69294738769531,120.88849639892578,122.58799743652344,122.44865417480469,25948000
2021-06-07,122.56600189208984,123.4000015258789,122.05364990234375,123.30449676513672,123.16434478759766,23850000
2021-06-08,123.99500274658203,124.72474670410156,123.41200256347656,124.14250183105469,124.00139617919922,25060000
2021-06-09,124.9749984741211,125.25,124.36650085449219,124.56999969482422,124.42840576171875,20126000
2021-06-10,124.70050048828125,126.16300201416016,124.69999694824219,126.08000183105469,125.93669128417969,31234000
2021-06-11,126.24600219726562,126.34950256347656,124.91449737548828,125.69650268554688,125.55362701416016,25240000
2021-06-14,125.66950225830078,126.4114990234375,125.0469970703125,126.35199737548828,126.20838165283203,22550000
2021-06-15,126.52200317382812,126.86199951171875,125.64849853515625,126.03299713134766,125.88973999023438,22182000
2021-06-16,126.24749755859375,126.52349853515625,124.14994812011719,125.69650268554688,125.55362701416016,26316000
2021-06-17,125.52300262451172,127.19650268554688,125.51499938964844,126.37100219726562,126.22736358642578,25756000
2021-06-18,125.70549774169922,126.38899993896484,124.60299682617188,125.56749725341797,125.42476654052734,53306000
2021-06-21,125.73999786376953,127.03675079345703,125.13424682617188,126.45500183105469,126.31126403808594,26256000
2021-06-22,126.44999694824219,127.2699966430664,126.02649688720703,126.99949645996094,126.85514068603516,20984000
2021-06-23,126.55000305175781,127.7959976196289,126.25199890136719,126.46150207519531,126.31775665283203,19694000
2021-06-24,127.05349731445312,127.5354995727539,126.95999908447266,127.28199768066406,127.13732147216797,18934000
2021-06-25,126.95700073242188,127.50499725341797,126.44400024414062,126.99500274658203,126.85065460205078,33484000
2021-06-28,127.0,127.33699798583984,125.97380065917969,126.81950378417969,126.67535400390625,28110000
2021-06-29,126.77249908447266,127.0,125.43699645996094,126.01850128173828,125.87525939941406,20950000
2021-06-30,125.65354919433594,125.80000305175781,124.75749969482422,125.31600189208984,125.1735610961914,24006000
2021-07-01,124.84974670410156,126.4625015258789,124.84974670410156,126.36849975585938,126.22486114501953,17120000
2021-07-02,126.8395004272461,128.84800720214844,126.76899719238281,128.718994140625,128.5726776123047,21160000
2021-07-06,129.44949340820312,129.88450622558594,128.40899658203125,129.77099609375,129.6234893798828,21350000
2021-07-07,130.34100341796875,130.639892578125,129.75999450683594,130.07749938964844,129.9296417236328,16680000
2021-07-08,128.25,130.03250122070312,128.0399932861328,129.177001953125,129.03016662597656,19780000
2021-07-09,128.9445037841797,129.84950256347656,128.94349670410156,129.57449340820312,129.42721557617188,15106000
2021-07-12,129.83349609375,130.77000427246094,129.60000610351562,130.56399536132812,130.41558837890625,16944000
2021-07-13,130.88150024414062,132.04200744628906,130.63699340820312,130.9945068359375,130.84561157226562,16618000
2021-07-14,131.90150451660156,132.99600219726562,131.8979949951172,132.08250427246094,131.932373046875,17912000
2021-07-15,132.5,132.59500122070312,130.59800720214844,131.26649475097656,131.11729431152344,16586000
2021-07-16,131.64100646972656,132.18299865722656,130.82150268554688,131.8455047607422,131.69564819335938,14856000
2021-07-19,131.15550231933594,131.2469940185547,128.53700256347656,129.25399780273438,129.10708618164062,25710000
2021-07-20,130.00399780273438,132.0013427734375,129.1884002685547,131.10150146484375,130.95248413085938,19084000
2021-07-21,130.78700256347656,132.61724853515625,130.60150146484375,132.60049438476562,132.44976806640625,14742000
2021-07-22,132.64999389648438,133.50450134277344,132.39999389648438,133.32850646972656,133.1769561767578,13608000
2021-07-23,135.25999450683594,138.80850219726562,134.70050048828125,137.8159942626953,137.6593475341797,26378000
2021-07-26,138.25,139.71299743652344,137.6510009765625,139.64450073242188,139.48577880859375,23052000
2021-07-27,140.01100158691406,140.01100158691406,135.10000610351562,136.79649353027344,136.64100646972656,42164000
2021-07-28,138.56199645996094,139.67599487304688,136.35000610351562,136.38150024414062,136.2264862060547,54688000
2021-07-29,136.38059997558594,137.15150451660156,136.13800048828125,136.54049682617188,136.3852996826172,19284000
2021-07-30,135.51100158691406,135.77134704589844,134.81419372558594,135.2209930419922,135.06729125976562,23954000
2021-08-02,135.4844970703125,136.02049255371094,134.66949462890625,135.989501953125,135.83493041992188,20140000
2021-08-03,136.0,136.3354949951172,134.18350219726562,136.27999877929688,136.12509155273438,19064000
2021-08-04,136.24949645996094,136.53799438476562,135.4149932861328,136.02850341796875,135.87388610839844,16528000
2021-08-05,136.02850341796875,136.9499969482422,135.60000610351562,136.94000244140625,136.7843475341797,11866000
2021-08-06,136.2949981689453,137.08004760742188,136.04649353027344,137.03599548339844,136.88023376464844,13560000
2021-08-09,136.94900512695312,138.32150268554688,136.4287567138672,138.0019989013672,137.8451385498047,12374000
2021-08-10,138.07949829101562,138.55149841308594,137.22650146484375,138.09649658203125,137.9395294189453,16034000
2021-08-11,138.2830047607422,138.84774780273438,137.35000610351562,137.6894989013672,137.53298950195312,15204000
2021-08-12,137.71299743652344,138.41799926757812,136.7790069580078,138.38949584960938,138.23219299316406,14646000
2021-08-13,138.3574981689453,138.6739959716797,138.0050048828125,138.406005859375,138.24868774414062,12580000
2021-08-16,138.0,138.99049377441406,136.16575622558594,138.91600036621094,138.7581024169922,18040000
2021-08-17,138.1909942626953,138.718505859375,136.78750610351562,137.30050659179688,137.14443969726562,21272000
2021-08-18,137.11549377441406,138.29400634765625,136.42100524902344,136.57000732421875,136.41477966308594,14934000
2021-08-19,135.46749877929688,137.45199584960938,135.3560028076172,136.9134979248047,136.75787353515625,18296000
2021-08-20,137.08299255371094,138.614501953125,136.4669952392578,138.43699645996094,138.27964782714844,15564000
2021-08-23,138.99850463867188,142.177001953125,138.74795532226562,141.09950256347656,140.93911743164062,21090000
2021-08-24,141.5435028076172,143.00750732421875,141.35350036621094,142.39849853515625,142.23663330078125,15126000
2021-08-25,142.88299560546875,143.31300354003906,142.4394989013672,142.9499969482422,142.78750610351562,12838000
2021-08-26,142.61849975585938,143.13479614257812,142.0915069580078,142.1230010986328,141.96145629882812,14922000
2021-08-27,142.1125030517578,145.01100158691406,142.02000427246094,144.55050659179688,144.38619995117188,24562000
2021-08-30,144.70449829101562,146.489501953125,144.60000610351562,145.46949768066406,145.3041534423828,16916000
2021-08-31,145.88450622558594,146.11199951171875,145.0,145.46200561523438,145.29666137695312,26756000
2021-09-01,145.64999389648438,146.82049560546875,145.614501953125,145.8419952392578,145.6762237548828,15824000
2021-09-02,145.94949340820312,146.3249969482422,144.10650634765625,144.218994140625,144.05506896972656,21844000
2021-09-03,144.14599609375,145.3769989013672,143.5050048828125,144.77499389648438,144.6104278564453,19104000
2021-09-07,144.74949645996094,145.82400512695312,144.54100036621094,145.5189971923828,145.3535919189453,15170000
2021-09-08,145.39349365234375,145.55099487304688,144.1999969482422,144.8834991455078,144.71881103515625,15486000
2021-09-09,144.8834991455078,145.66949462890625,144.4340057373047,144.9134979248047,144.748779296875,14798000
2021-09-10,145.44349670410156,146.0189971923828,141.7415008544922,141.92100524902344,141.7596893310547,32896000
2021-09-13,143.2010040283203,144.1909942626953,142.28250122070312,143.46499633789062,143.3019256591797,20176000
2021-09-14,144.16099548339844,144.7274932861328,142.90550231933594,143.406005859375,143.2429962158203,18916000
2021-09-15,143.75900268554688,145.5814971923828,142.25599670410156,145.20599365234375,145.0409393310547,20648000
2021-09-16,145.12100219726562,145.1999969482422,143.41635131835938,144.37350463867188,144.2093963623047,20292000
2021-09-17,143.79849243164062,144.24949645996094,141.06149291992188,141.4635009765625,141.30270385742188,60040000
2021-09-20,139.0001983642578,139.3625030517578,137.05299377441406,139.01699829101562,138.85897827148438,34918000
2021-09-21,140.11700439453125,140.8115997314453,138.90550231933594,139.64649963378906,139.48776245117188,18130000
2021-09-22,140.05050659179688,141.58349609375,139.4717559814453,140.93850708007812,140.77830505371094,22068000
2021-09-23,141.6094970703125,142.25245666503906,141.09649658203125,141.82650756835938,141.66529846191406,17272000
2021-09-24,140.9459991455078,142.90350341796875,140.85049438476562,142.63299560546875,142.4708709716797,14950000
2021-09-27,141.5854949951172,142.5,140.5,141.50100708007812,141.3401641845703,18844000
2021-09-28,139.0885009765625,139.60650634765625,135.6999969482422,136.1840057373047,136.02920532226562,42190000
2021-09-29,137.1096954345703,137.39849853515625,134.25,134.52099609375,134.3680877685547,26338000
2021-09-30,134.3249969482422,135.58999633789062,133.0,133.2655029296875,133.11402893066406,35294000
2021-10-01,133.55450439453125,137.0709991455078,133.37750244140625,136.46249389648438,136.30738830566406,28388000
2021-10-04,135.69949340820312,135.6999969482422,131.16650390625,133.76499938964844,133.6129608154297,31530000
2021-10-05,134.0,137.36199951171875,134.0,136.177001953125,136.022216796875,24126000
2021-10-06,134.62550354003906,137.8520050048828,134.4864959716797,137.35400390625,137.1978759765625,19764000
2021-10-07,138.86300659179688,140.15444946289062,138.56300354003906,139.1855010986328,139.0272979736328,18250000
2021-10-08,139.906005859375,140.31700134277344,139.42935180664062,140.05599975585938,139.8968048095703,18924000
2021-10-11,139.8000030517578,140.76365661621094,138.80650329589844,138.84750366210938,138.68968200683594,16584000
2021-10-12,139.6374969482422,139.69500732421875,136.25,136.71299743652344,136.55760192871094,22536000
2021-10-13,137.75,138.5500030517578,136.97650146484375,137.89999389648438,137.74325561523438,16380000
2021-10-14,139.95199584960938,141.65150451660156,139.33900451660156,141.41200256347656,141.2512664794922,21426000
2021-10-15,142.1999969482422,142.1999969482422,141.0644989013672,141.6750030517578,141.5139617919922,21250000
2021-10-18,141.2135009765625,142.99874877929688,141.2135009765625,142.9604949951172,142.79800415039062,16564000
2021-10-19,143.29150390625,144.10699462890625,143.0959930419922,143.82200622558594,143.6585235595703,15316000
2021-10-20,144.22250366210938,144.2477569580078,141.91200256347656,142.4149932861328,142.25311279296875,17940000
2021-10-21,142.19200134277344,142.84950256347656,141.63699340820312,142.78050231933594,142.6182098388672,14850000
2021-10-22,140.3509979248047,141.55850219726562,137.17050170898438,138.625,138.46743774414062,30182000
2021-10-25,138.8105010986328,139.20579528808594,136.74850463867188,138.7729949951172,138.61524963378906,21082000
2021-10-26,140.6060028076172,140.83949279785156,139.0054931640625,139.6719970703125,139.51324462890625,28258000
2021-10-27,139.90249633789062,149.1179962158203,139.90249633789062,146.42750549316406,146.2610626220703,51850000
2021-10-28,147.2989959716797,147.42449951171875,144.7635040283203,146.12899780273438,145.96290588378906,32418000
2021-10-29,145.52000427246094,148.61300659179688,145.16650390625,148.27049255371094,148.10195922851562,28954000
2021-11-01,148.1649932861328,148.39950561523438,143.57949829101562,143.7740020751953,143.61058044433594,32272000
2021-11-02,144.8094024658203,146.92050170898438,144.64100646972656,145.86300659179688,145.69720458984375,21150000
2021-11-03,146.27499389648438,146.91050720214844,145.05349731445312,146.7899932861328,146.62313842773438,17886000
2021-11-04,147.1999969482422,149.9499969482422,146.63499450683594,148.68299865722656,148.5139923095703,24700000
2021-11-05,149.35350036621094,150.5707550048828,148.65199279785156,149.24099731445312,149.0713653564453,20408000
2021-11-08,150.0,151.0345001220703,149.1199951171875,149.35150146484375,149.18173217773438,18388000
2021-11-09,149.74600219726562,150.3784942626953,147.5070037841797,149.24850463867188,149.078857421875,16876000
2021-11-10,148.00975036621094,148.6999969482422,145.3249969482422,146.62600708007812,146.4593505859375,22708000
2021-11-11,147.10699462890625,148.5022430419922,146.6945037841797,146.7480010986328,146.58119201660156,12464000
2021-11-12,147.8314971923828,149.8594970703125,146.45399475097656,149.64549255371094,149.47540283203125,17048000
2021-11-15,150.0,150.4770050048828,148.65249633789062,149.38800048828125,149.21820068359375,16248000
2021-11-16,149.17050170898438,149.83250427246094,148.35000610351562,149.0760040283203,148.90655517578125,17254000
2021-11-17,149.22900390625,149.62600708007812,148.56300354003906,149.06199645996094,148.89256286621094,15290000
2021-11-18,149.14599609375,151.61000061035156,148.99850463867188,150.70899963378906,150.53768920898438,26658000
2021-11-19,151.0,151.85000610351562,149.8874969482422,149.95249938964844,149.7820587158203,19766000
2021-11-22,150.14175415039062,150.7445068359375,147.0054931640625,147.07850646972656,146.9113311767578,24608000
2021-11-23,147.11300659179688,147.69400024414062,144.88949584960938,146.7570037841797,146.59019470214844,18126000
2021-11-24,146.35000610351562,147.0,145.19900512695312,146.71749877929688,146.5507354736328,16464000
2021-11-26,145.0155029296875,145.2969970703125,142.48550415039062,142.80599975585938,142.6436767578125,16992000
2021-11-29,144.29849243164062,146.86199951171875,144.29849243164062,146.11399841308594,145.9479217529297,26276000
2021-11-30,145.45025634765625,146.6284942626953,142.0659942626953,142.45199584960938,142.29006958007812,41590000
2021-12-01,144.21249389648438,146.4991455078125,141.5,141.6179962158203,141.45703125,28476000
2021-12-02,141.82400512695312,144.6750030517578,140.98199462890625,143.77650451660156,143.6130828857422,21250000
2021-12-03,144.49549865722656,145.21299743652344,141.14999389648438,142.52049255371094,142.35848999023438,26688000
2021-12-06,143.57400512695312,144.35150146484375,140.64700317382812,143.79649353027344,143.63304138183594,22198000
2021-12-07,145.9499969482422,148.3000030517578,145.70249938964844,148.0364990234375,147.86822509765625,23258000
2021-12-08,148.3314971923828,149.156494140625,147.1999969482422,148.7205047607422,148.55145263671875,18964000
2021-12-09,148.17599487304688,149.60499572753906,147.5290069580078,148.1060028076172,147.93765258789062,18580000
2021-12-10,149.10000610351562,149.39999389648438,147.3574981689453,148.6750030517578,148.50601196289062,21634000
2021-12-13,148.44400024414062,148.5625,146.36000061035156,146.70449829101562,146.53775024414062,24104000
2021-12-14,144.77000427246094,145.44200134277344,142.24249267578125,144.9705047607422,144.80572509765625,24778000
2021-12-15,144.36599731445312,147.51724243164062,142.70550537109375,147.36849975585938,147.20098876953125,27280000
2021-12-16,148.07699584960938,148.55149841308594,144.09249877929688,144.8385009765625,144.6738739013672,27400000
2021-12-17,142.71449279785156,144.46009826660156,141.78799438476562,142.80299377441406,142.6406707763672,43404000
2021-12-20,140.67959594726562,142.61050415039062,140.25,142.40150451660156,142.23963928222656,20264000
2021-12-21,143.14999389648438,144.69204711914062,141.73500061035156,144.2205047607422,144.05657958984375,19548000
2021-12-22,144.10000610351562,147.30299377441406,143.96299743652344,146.94900512695312,146.78196716308594,18438000
2021-12-23,147.08949279785156,148.57260131835938,146.9508514404297,147.1425018310547,146.97525024414062,13818000
2021-12-27,147.4635009765625,148.42649841308594,147.25,148.06399536132812,147.89569091796875,13256000
2021-12-28,148.37449645996094,148.37449645996094,145.9355010986328,146.447998046875,146.2815399169922,18624000
2021-12-29,146.42950439453125,147.18374633789062,145.50450134277344,146.50450134277344,146.33798217773438,17022000
2021-12-30,146.4499969482422,147.0625,145.7584991455078,146.00250244140625,145.8365478515625,12978000
2021-12-31,145.54400634765625,146.36500549316406,144.67750549316406,144.67950439453125,144.5150604248047,17298000
2022-01-03,144.47549438476562,145.5500030517578,143.50250244140625,145.07449340820312,144.9095916748047,25214000
2022-01-04,145.55050659179688,146.61000061035156,143.81614685058594,144.41650390625,144.25234985351562,22928000
2022-01-05,144.18099975585938,144.29800415039062,137.52349853515625,137.65350341796875,137.49703979492188,49642000
2022-01-06,137.49749755859375,139.68600463867188,136.7635040283203,137.55099487304688,137.3946533203125,29050000
2022-01-07,137.90499877929688,138.25474548339844,135.78900146484375,137.00450134277344,136.84877014160156,19408000
2022-01-10,135.0989990234375,138.63999938964844,133.1405029296875,138.57400512695312,138.41648864746094,34096000
2022-01-11,138.1804962158203,140.32949829101562,136.81350708007812,140.0175018310547,139.8583526611328,23502000
2022-01-12,141.55450439453125,142.8142547607422,141.11199951171875,141.6479949951172,141.4869842529297,23642000
2022-01-13,141.8404998779297,143.1855010986328,138.91400146484375,139.13099670410156,138.9728546142578,26566000
2022-01-14,137.5,141.20050048828125,137.5,139.7864990234375,139.6276092529297,23826000
2022-01-18,136.60000610351562,137.39149475097656,135.61700439453125,136.29049682617188,136.1355743408203,27382000
2022-01-19,136.93850708007812,138.39950561523438,135.5,135.65199279785156,135.497802734375,20796000
2022-01-20,136.51400756835938,137.91200256347656,133.14450073242188,133.50650024414062,133.35475158691406,21930000
2022-01-21,133.01199340820312,134.760498046875,130.00100708007812,130.0919952392578,129.94412231445312,41920000
2022-01-24,126.02749633789062,130.77850341796875,124.64195251464844,130.3719940185547,130.2238006591797,55148000
2022-01-25,128.4355010986328,129.3385009765625,126.37799835205078,126.7354965209961,126.59143829345703,36008000
2022-01-26,130.59249877929688,132.8074951171875,127.15350341796875,129.24000549316406,129.09310913085938,39630000
2022-01-27,131.36099243164062,132.60995483398438,128.94500732421875,129.12100219726562,128.97422790527344,30248000
2022-01-28,130.0,133.37049865722656,128.6945037841797,133.2895050048828,133.13800048828125,30518000
2022-01-31,134.197998046875,135.843505859375,132.2740020751953,135.69850158691406,135.5442657470703,34056000
2022-02-01,137.8350067138672,138.1999969482422,134.56825256347656,137.8784942626953,137.72177124023438,51204000
2022-02-02,151.86349487304688,152.10000610351562,145.5574951171875,148.0364990234375,147.86822509765625,89750000
2022-02-03,145.2949981689453,149.11770629882812,142.2050018310547,142.65049743652344,142.4883575439453,56930000
2022-02-04,143.01699829101562,144.53524780273438,139.8175048828125,143.01600646972656,142.8534393310547,49224000
2022-02-07,143.70899963378906,143.84649658203125,138.69900512695312,138.93800354003906,138.7800750732422,44610000
2022-02-08,138.9912567138672,139.83709716796875,136.8730010986328,139.21299743652344,139.0547637939453,34256000
2022-02-09,140.84974670410156,142.17550659179688,140.3769989013672,141.4530029296875,141.29222106933594,28628000
2022-02-10,139.5,141.43099975585938,138.0500030517578,138.6024932861328,138.4449462890625,33018000
2022-02-11,138.75,139.2832489013672,133.2884979248047,134.1300048828125,133.9775390625,38808000
2022-02-14,133.36549377441406,136.16650390625,133.302001953125,135.3000030517578,135.14620971679688,26792000
2022-02-15,137.47149658203125,137.89999389648438,135.5395050048828,136.42550659179688,136.2704315185547,26578000
2022-02-16,136.4304962158203,137.9459991455078,134.8236541748047,137.4875030517578,137.3312225341797,25610000
2022-02-17,136.14999389648438,136.83949279785156,132.20199584960938,132.30850219726562,132.15811157226562,30968000
2022-02-18,133.03750610351562,133.82400512695312,130.3070526123047,130.46749877929688,130.31919860839844,31858000
2022-02-22,129.98500061035156,131.9007568359375,127.74099731445312,129.40249633789062,129.2554168701172,38906000
2022-02-23,131.07850646972656,131.74899291992188,127.50350189208984,127.58499908447266,127.43997955322266,26432000
2022-02-24,125.0,133.03700256347656,124.7645034790039,132.67349243164062,132.52268981933594,43166000
2022-02-25,133.52549743652344,135.38900756835938,131.76499938964844,134.51950073242188,134.36659240722656,26236000
2022-02-28,133.2845001220703,135.6405029296875,132.82525634765625,134.89100646972656,134.73768615722656,29676000
2022-03-01,134.47999572753906,136.11099243164062,133.3784942626953,134.16799926757812,134.0155029296875,24640000
2022-03-02,134.60824584960938,135.61549377441406,133.4324951171875,134.75149536132812,134.59832763671875,23966000
2022-03-03,135.97850036621094,136.71380615234375,133.43099975585938,134.30799865722656,134.15533447265625,19780000
2022-03-04,133.38250732421875,134.19900512695312,130.4084930419922,132.1219940185547,131.97181701660156,24446000
2022-03-07,131.9040069580078,131.9040069580078,126.41000366210938,126.4645004272461,126.32075500488281,39178000
2022-03-08,126.25050354003906,131.2465057373047,125.86074829101562,127.27850341796875,127.13382720947266,35250000
2022-03-09,131.39999389648438,134.19850158691406,130.08799743652344,133.86599731445312,133.71383666992188,32258000
2022-03-10,131.46249389648438,133.5384979248047,131.4010009765625,132.6820068359375,132.53118896484375,24266000
2022-03-11,133.99949645996094,134.1999969482422,130.29649353027344,130.47549438476562,130.3271942138672,26600000
2022-03-14,130.572998046875,131.0260009765625,126.41300201416016,126.74099731445312,126.59693908691406,30254000
2022-03-15,127.74150085449219,130.51724243164062,126.56800079345703,129.66050720214844,129.51312255859375,30292000
2022-03-16,131.0,133.77099609375,129.2010040283203,133.6905059814453,133.53854370117188,32058000
2022-03-17,133.3209991455078,134.739501953125,132.718994140625,134.60049438476562,134.44749450683594,23994000
2022-03-18,133.88400268554688,136.9134979248047,132.9320068359375,136.80149841308594,136.64599609375,45900000
2022-03-21,136.84750366210938,137.58250427246094,134.6114959716797,136.47850036621094,136.3233642578125,26632000
2022-03-22,136.5,141.5,136.5,140.27749633789062,140.1180419921875,29776000
2022-03-23,139.1385040283203,140.02499389648438,138.16650390625,138.5034942626953,138.3460693359375,25302000
2022-03-24,139.2725067138672,141.39649963378906,138.03939819335938,141.31199645996094,141.1513671875,20544000
2022-03-25,141.75399780273438,141.95950317382812,139.69949340820312,141.52149963378906,141.3606414794922,19270000
2022-03-28,140.6844940185547,141.97650146484375,139.82815551757812,141.9499969482422,141.7886505126953,23774000
2022-03-29,143.16050720214844,144.16250610351562,142.48399353027344,143.25,143.08717346191406,28678000
2022-03-30,142.8699951171875,143.48049926757812,142.16799926757812,142.64450073242188,142.48236083984375,21046000
2022-03-31,142.44850158691406,142.64450073242188,139.61900329589844,139.64950561523438,139.4907684326172,29516000
2022-04-01,140.00999450683594,140.9499969482422,138.7969970703125,140.6999969482422,140.54006958007812,23480000
2022-04-04,140.82449340820312,144.0437469482422,140.82449340820312,143.6425018310547,143.47923278808594,19076000
2022-04-05,143.39950561523438,143.58999633789062,140.94349670410156,141.06300354003906,140.9026641845703,19256000
2022-04-06,139.1614990234375,139.84849548339844,136.41810607910156,137.17599487304688,137.0200653076172,23574000
2022-04-07,136.6179962158203,137.70150756835938,134.8572540283203,136.46499633789062,136.30987548828125,19448000
2022-04-08,136.25,136.25,133.75250244140625,134.010498046875,133.85816955566406,16434000
2022-04-11,132.89999389648438,132.93919372558594,129.61749267578125,129.79649353027344,129.64895629882812,24188000
2022-04-12,132.42349243164062,132.42349243164062,127.57599639892578,128.37449645996094,128.22857666015625,23004000
2022-04-13,128.62649536132812,130.65574645996094,128.4385986328125,130.28599548339844,130.13790893554688,19542000
2022-04-14,130.64950561523438,130.7102508544922,127.11150360107422,127.25299835205078,127.10835266113281,23484000
2022-04-18,127.41000366210938,128.71200561523438,126.57845306396484,127.96099853515625,127.8155517578125,14918000
2022-04-19,128.07699584960938,130.90374755859375,127.45149993896484,130.531005859375,130.38262939453125,22720000
2022-04-20,131.28399658203125,131.92349243164062,127.89405059814453,128.24549865722656,128.0997314453125,22610000
2022-04-21,129.35000610351562,130.3074951171875,124.6500015258789,124.9375,124.79548645019531,30158000
2022-04-22,125.0,125.4520034790039,119.1405029296875,119.61399841308594,119.47803497314453,46410000
2022-04-25,119.42949676513672,123.27799987792969,118.76924896240234,123.25,123.10990905761719,34522000
2022-04-26,122.75,122.75,119.16184997558594,119.50599670410156,119.37015533447266,49394000
2022-04-27,114.37300109863281,117.5,113.12425231933594,115.02050018310547,114.88976287841797,62238000
2022-04-28,117.11499786376953,120.4384994506836,115.1438980102539,119.4114990234375,119.27577209472656,36790000
2022-04-29,117.5780029296875,118.95999908447266,114.69400024414062,114.96649932861328,114.83582305908203,33694000
2022-05-02,113.90650177001953,117.3395004272461,113.39949798583984,117.15699768066406,117.0238265991211,30280000
2022-05-03,116.76499938964844,119.30000305175781,116.62699890136719,118.12950134277344,117.99523162841797,21216000
2022-05-04,118.00350189208984,123.14299774169922,115.7385025024414,122.57499694824219,122.4356689453125,33232000
2022-05-05,120.22049713134766,121.2332534790039,115.18250274658203,116.74649810791016,116.61380004882812,43090000
2022-05-06,115.51899719238281,117.49849700927734,114.14299774169922,115.66000366210938,115.52853393554688,35310000
2022-05-09,113.30349731445312,115.56289672851562,112.55149841308594,113.08399963378906,112.95545959472656,34520000
2022-05-10,116.04049682617188,116.69100189208984,113.38330078125,114.58450317382812,114.45426177978516,31158000
2022-05-11,113.71050262451172,116.6709976196289,113.6500015258789,113.96099853515625,113.83146667480469,36502000
2022-05-12,111.93800354003906,114.85649871826172,110.1135025024414,113.16100311279297,113.03237915039062,41464000
2022-05-13,114.84549713134766,118.08499908447266,114.0,116.5155029296875,116.38306427001953,29738000
2022-05-16,115.38400268554688,116.60749816894531,114.33499908447266,114.7925033569336,114.66202545166016,23282000
2022-05-17,117.22750091552734,117.22750091552734,115.3375015258789,116.70149993896484,116.56884765625,21576000
2022-05-18,115.23750305175781,115.69564819335938,112.14199829101562,112.4010009765625,112.27323913574219,27982000
2022-05-19,111.84100341796875,113.5875015258789,110.46800231933594,110.74549865722656,110.61962127685547,29192000
2022-05-20,112.08550262451172,112.55000305175781,106.37300109863281,109.31300354003906,109.18875122070312,37586000
2022-05-23,110.10399627685547,112.00550079345703,109.15425109863281,111.66649627685547,111.53956604003906,31558000
2022-05-24,106.37750244140625,106.3949966430664,102.20800018310547,105.9260025024414,105.80560302734375,60386000
2022-05-25,105.14199829101562,106.5447006225586,104.21125030517578,105.8395004272461,105.71920013427734,37900000
2022-05-26,106.05049896240234,108.95525360107422,105.48799896240234,108.2959976196289,108.17290496826172,30288000
2022-05-27,109.78849792480469,112.86799621582031,109.55000305175781,112.79900360107422,112.67079162597656,29924000
2022-05-31,113.0790023803711,116.43350219726562,112.57250213623047,114.03900146484375,113.90937805175781,51302000
2022-06-01,114.93150329589844,117.39900207519531,113.55049896240234,114.13700103759766,114.00726318359375,28630000
2022-06-02,114.18800354003906,117.89800262451172,113.30799865722656,117.74600219726562,117.61216735839844,27472000
2022-06-03,115.99250030517578,116.364501953125,113.66799926757812,114.56400299072266,114.43378448486328,25052000
2022-06-06,116.74250030517578,119.39849853515625,116.5282974243164,117.010498046875,116.87749481201172,23786000
2022-06-07,115.64800262451172,117.74864959716797,115.12550354003906,117.22949981689453,117.09625244140625,26414000
2022-06-08,116.87650299072266,118.64600372314453,116.69674682617188,117.23799896240234,117.104736328125,22544000
2022-06-09,116.34149932861328,118.3499984741211,114.86699676513672,114.91799926757812,114.7873764038086,23142000
2022-06-10,112.78125,113.49700164794922,110.86100006103516,111.42749786376953,111.30084228515625,31324000
2022-06-13,107.44599914550781,109.21849822998047,106.58805084228516,106.87650299072266,106.75502014160156,36756000
2022-06-14,106.88999938964844,108.4574966430664,106.35199737548828,107.19400024414062,107.07215881347656,25480000
2022-06-15,108.89949798583984,112.06300354003906,108.1187515258789,110.3905029296875,110.26502990722656,33192000
2022-06-16,108.14949798583984,109.29049682617188,105.7925033569336,106.63600158691406,106.5147933959961,35314000
2022-06-17,106.53500366210938,109.24949645996094,105.62854766845703,107.8655014038086,107.7428970336914,43516000
2022-06-21,109.7020034790039,112.6729965209961,109.29350280761719,112.01499938964844,111.88768005371094,39010000
2022-06-22,111.16300201416016,113.76950073242188,110.72429656982422,112.03399658203125,111.90665435791016,23922000
2022-06-23,112.94999694824219,113.19650268554688,111.02899932861328,112.68450164794922,112.5564193725586,24710000
2022-06-24,113.60299682617188,118.63749694824219,113.60299682617188,118.53800201416016,118.40326690673828,39122000
2022-06-27,118.93499755859375,119.25,116.00074768066406,116.62249755859375,116.48993682861328,32840000
2022-06-28,116.35099792480469,117.85649871826172,112.44400024414062,112.57150268554688,112.44355010986328,28232000
2022-06-29,112.14849853515625,113.66449737548828,111.55400085449219,112.25650024414062,112.12890625,18628000
2022-06-30,110.49949645996094,111.32980346679688,107.30999755859375,109.37249755859375,109.24817657470703,38046000
2022-07-01,108.33699798583984,109.80635070800781,107.1050033569336,109.08100128173828,108.95701599121094,31028000
2022-07-05,107.5145034790039,114.05259704589844,106.24949645996094,113.88700103759766,113.75755310058594,36398000
2022-07-06,114.09200286865234,116.35199737548828,112.25050354003906,115.2135009765625,115.0825424194336,28852000
2022-07-07,116.00800323486328,119.86199951171875,115.53399658203125,119.30599975585938,119.1703872680664,32184000
2022-07-08,117.55000305175781,120.43499755859375,117.51399993896484,120.16850280761719,120.03191375732422,29082000
2022-07-11,118.6500015258789,118.79450225830078,116.2344970703125,116.52249908447266,116.39005279541016,26718000
2022-07-12,116.8385009765625,117.84950256347656,114.61499786376953,114.84950256347656,114.71895599365234,24970000
2022-07-13,112.63899993896484,115.15699768066406,111.822998046875,112.18699645996094,112.05947875976562,38958000
2022-07-14,110.82599639892578,111.98750305175781,109.32550048828125,111.44000244140625,111.3133316040039,32366000
2022-07-15,112.96299743652344,114.00050354003906,111.82250213623047,112.76699829101562,112.6388168334961,34330000
2022-07-18,113.44000244140625,114.80000305175781,109.30000305175781,109.91000366210938,109.78507232666016,33354000
2022-07-19,111.7300033569336,114.80999755859375,110.5,114.62000274658203,114.48971557617188,30992300
2022-07-20,114.05999755859375,116.33000183105469,113.26000213623047,114.69999694824219,114.56961822509766,26780100
2022-07-21,115.08999633789062,115.20999908447266,111.91000366210938,115.04000091552734,114.90924072265625,27267800
2022-07-22,111.80999755859375,113.18000030517578,107.5999984741211,108.36000061035156,108.23683166503906,44455300
2022-07-25,108.87999725341797,110.58000183105469,107.01000213623047,108.20999908447266,108.08699798583984,28289900
2022-07-26,107.43000030517578,107.73999786376953,104.76000213623047,105.44000244140625,105.32015228271484,36626600
2022-07-27,109.5999984741211,114.4000015258789,108.41999816894531,113.5999984741211,113.47087097167969,41474600
2022-07-28,112.80000305175781,114.69999694824219,111.85099792480469,114.58999633789062,114.45974731445312,23303800
2022-07-29,113.4000015258789,116.9000015258789,113.2300033569336,116.63999938964844,116.50741577148438,31336200
2022-08-01,115.52999877929688,117.12000274658203,114.69000244140625,115.4800033569336,115.34873962402344,22856200
2022-08-02,114.43000030517578,117.08000183105469,114.26000213623047,115.9000015258789,115.76826477050781,17911000
2022-08-03,116.33999633789062,119.41999816894531,116.1500015258789,118.77999877929688,118.64498901367188,25302800
2022-08-04,118.30000305175781,119.5,117.70999908447266,118.87000274658203,118.7348861694336,15757700
2022-08-05,116.93000030517578,118.86000061035156,116.70999908447266,118.22000122070312,118.08562469482422,15615700
2022-08-08,119.12000274658203,120.86000061035156,117.83000183105469,118.13999938964844,118.0057144165039,17061100
2022-08-09,117.98999786376953,118.19999694824219,116.55999755859375,117.5,117.36643981933594,15424300
2022-08-10,119.58999633789062,121.77999877929688,119.36000061035156,120.6500015258789,120.51286315917969,20497000
2022-08-11,122.08000183105469,122.33999633789062,119.55000305175781,119.81999969482422,119.68380737304688,16671600
2022-08-12,121.16000366210938,122.6500015258789,120.4000015258789,122.6500015258789,122.51058959960938,16121100
2022-08-15,122.20999908447266,123.26000213623047,121.56999969482422,122.87999725341797,122.74032592773438,15525000
2022-08-16,122.31999969482422,123.22799682617188,121.53500366210938,122.51000213623047,122.3707504272461,15626200
2022-08-17,120.93000030517578,122.1500015258789,120.19999694824219,120.31999969482422,120.18323516845703,17589200
2022-08-18,120.2300033569336,121.69000244140625,119.55000305175781,120.86000061035156,120.72262573242188,15652000
2022-08-19,119.87000274658203,120.0,117.66999816894531,118.12000274658203,117.9857406616211,20187000
2022-08-22,116.0999984741211,116.5,114.66999816894531,115.06999969482422,114.93920135498047,19316000
2022-08-23,114.31999969482422,115.93000030517578,114.30000305175781,114.7699966430664,114.63954162597656,14390700
2022-08-24,114.44999694824219,115.71700286865234,113.77999877929688,114.69999694824219,114.56961822509766,16051200
2022-08-25,115.1500015258789,117.77999877929688,115.05000305175781,117.69999694824219,117.56621551513672,14874700
2022-08-26,115.80999755859375,116.5999984741211,111.22000122070312,111.30000305175781,111.17349243164062,31698700
2022-08-29,110.77999877929688,111.95999908447266,109.80999755859375,110.33999633789062,110.2145767211914,20386100
2022-08-30,111.02999877929688,111.37000274658203,108.80000305175781,109.91000366210938,109.78507232666016,20548200
2022-08-31,111.62999725341797,111.7699966430664,109.05000305175781,109.1500015258789,109.02593231201172,25898000
2022-09-01,109.19999694824219,111.22000122070312,108.19000244140625,110.55000305175781,110.42434692382812,22784400
2022-09-02,111.33999633789062,111.67500305175781,108.12999725341797,108.68000030517578,108.55646514892578,20618100
2022-09-06,108.13500213623047,108.87999725341797,106.51000213623047,107.4800033569336,107.35783386230469,20565100
2022-09-07,107.76000213623047,110.98999786376953,107.61499786376953,110.4800033569336,110.35442352294922,22987200
2022-09-08,109.18000030517578,110.58000183105469,108.05999755859375,109.41999816894531,109.29562377929688,21660700
2022-09-09,110.05000305175781,112.0,110.0,111.77999877929688,111.65294647216797,21732900
2022-09-12,111.98999786376953,112.63999938964844,110.93000030517578,111.87000274658203,111.74284362792969,19732900
2022-09-13,108.88999938964844,109.37000274658203,105.0,105.30999755859375,105.19029235839844,33015000
2022-09-14,105.44000244140625,106.0999984741211,104.5,105.87000274658203,105.74966430664062,22115800
2022-09-15,105.01000213623047,106.20999908447266,103.30999755859375,103.9000015258789,103.78190612792969,26494900
2022-09-16,102.97000122070312,104.02999877929688,101.8550033569336,103.62999725341797,103.51220703125,64540100
2022-09-19,102.54000091552734,104.0199966430664,102.37000274658203,103.8499984741211,103.7319564819336,19738600
2022-09-20,102.87999725341797,103.16999816894531,101.12000274658203,101.83000183105469,101.7142562866211,24001700
2022-09-21,102.23999786376953,103.48999786376953,99.98999786376953,100.01000213623047,99.89632415771484,26596800
2022-09-22,99.44999694824219,101.68000030517578,99.41000366210938,100.56999969482422,100.4556884765625,21272700
2022-09-23,100.05999755859375,100.11000061035156,98.01000213623047,99.16999816894531,99.0572738647461,25657000
2022-09-26,98.61000061035156,100.44000244140625,98.37999725341797,98.80999755859375,98.69768524169922,22437900
2022-09-27,99.91000366210938,100.45999908447266,97.33999633789062,98.08999633789062,97.97850036621094,24225000
2022-09-28,98.0199966430664,101.4000015258789,97.80000305175781,100.73999786376953,100.62548828125,24617000
2022-09-29,99.30000305175781,99.30000305175781,96.5199966430664,98.08999633789062,97.97850036621094,21921500
2022-09-30,97.7300033569336,99.49400329589844,96.02999877929688,96.1500015258789,96.04071044921875,26277800
2022-10-03,97.22000122070312,99.97000122070312,97.0199966430664,99.30000305175781,99.1871337890625,24840000
2022-10-04,101.04000091552734,102.72000122070312,101.04000091552734,102.41000366210938,102.2936019897461,22580900
2022-10-05,100.69000244140625,102.73999786376953,99.73999786376953,102.22000122070312,102.10381317138672,18475500
2022-10-06,101.5,103.7300033569336,101.5,102.23999786376953,102.12378692626953,17156200
2022-10-07,100.6500015258789,101.41999816894531,99.20999908447266,99.56999969482422,99.45682525634766,24249900
2022-10-10,99.8499984741211,99.98999786376953,97.87000274658203,98.70999908447266,98.5978012084961,16529900
2022-10-11,98.25,100.12000274658203,97.25,98.05000305175781,97.93855285644531,21617700
2022-10-12,98.2699966430664,99.64800262451172,97.66999816894531,98.30000305175781,98.18827056884766,17343400
2022-10-13,95.93000030517578,100.52999877929688,95.2699966430664,99.70999908447266,99.59666442871094,32812200
2022-10-14,100.625,101.29000091552734,97.02999877929688,97.18000030517578,97.06954193115234,22624800
2022-10-17,99.5199966430664,101.7699966430664,99.51000213623047,100.77999877929688,100.66544342041016,23311600
2022-10-18,103.94000244140625,104.22000122070312,100.6500015258789,101.38999938964844,101.27474975585938,21610500
2022-10-19,100.69999694824219,101.65899658203125,99.63500213623047,100.29000091552734,100.1760025024414,21573700
2022-10-20,100.81999969482422,103.0,99.97000122070312,100.52999877929688,100.41573333740234,25125100
2022-10-21,98.45999908447266,101.62000274658203,98.2300033569336,101.4800033569336,101.36465454101562,28988700
2022-10-24,102.08999633789062,103.0999984741211,100.30000305175781,102.97000122070312,102.85295867919922,24680800
2022-10-25,103.30000305175781,105.0999984741211,103.0199966430664,104.93000030517578,104.81072998046875,29910200
2022-10-26,96.76000213623047,98.54000091552734,94.56999969482422,94.81999969482422,94.71221923828125,71504300
2022-10-27,94.30999755859375,95.16999816894531,91.9000015258789,92.5999984741211,92.49474334716797,54036500
2022-10-28,92.52999877929688,96.86000061035156,92.322998046875,96.58000183105469,96.47022247314453,35696900
2022-10-31,95.77999877929688,96.3499984741211,94.37999725341797,94.66000366210938,94.55240631103516,29868700
2022-11-01,95.58999633789062,96.16500091552734,90.43000030517578,90.5,90.39713287353516,43220600
2022-11-02,90.91000366210938,91.30000305175781,87.01000213623047,87.06999969482422,86.97103118896484,43553600
2022-11-03,86.34500122070312,86.55000305175781,83.44999694824219,83.48999786376953,83.39509582519531,48510400
2022-11-04,85.51000213623047,86.7300033569336,83.87999725341797,86.69999694824219,86.60144805908203,40173300
2022-11-07,87.33999633789062,88.94000244140625,86.95999908447266,88.6500015258789,88.54924011230469,26899900
2022-11-08,89.16000366210938,90.40499877929688,87.6500015258789,88.91000366210938,88.80894470214844,30172000
2022-11-09,88.54499816894531,89.48999786376953,87.36000061035156,87.4000015258789,87.3006591796875,26743900
2022-11-10,92.33999633789062,94.55000305175781,91.6500015258789,94.16999816894531,94.06295776367188,42371200
2022-11-11,94.70999908447266,97.36000061035156,94.16000366210938,96.7300033569336,96.62005615234375,30569100
2022-11-14,95.5,97.18000030517578,95.11299896240234,96.02999877929688,95.92084503173828,24170100
2022-11-15,98.66999816894531,100.41999816894531,97.0199966430664,98.72000122070312,98.6077880859375,31831000
2022-11-16,98.0199966430664,99.8499984741211,97.9020004272461,98.98999786376953,98.87747955322266,24660200
2022-11-17,97.18000030517578,99.4800033569336,97.0999984741211,98.5,98.3880386352539,21818700
2022-11-18,99.01000213623047,99.16000366210938,96.73999786376953,97.80000305175781,97.68883514404297,24969900
2022-11-21,97.55999755859375,98.72000122070312,95.66999816894531,95.83000183105469,95.72107696533203,18696900
2022-11-22,96.16000366210938,97.5479965209961,94.41000366210938,97.33000183105469,97.21936798095703,18868900
2022-11-23,97.33999633789062,99.06900024414062,97.33999633789062,98.81999969482422,98.70767211914062,17568900
2022-11-25,98.46499633789062,98.94000244140625,97.52999877929688,97.5999984741211,97.48905944824219,8567800
2022-11-28,97.19999694824219,97.83000183105469,95.88999938964844,96.25,96.14059448242188,19974500
2022-11-29,96.0,96.38999938964844,94.38999938964844,95.44000244140625,95.3315200805664,20220000
2022-11-30,95.12000274658203,101.44999694824219,94.66999816894531,101.44999694824219,101.33468627929688,39888100
2022-12-01,101.4000015258789,102.58999633789062,100.66999816894531,101.27999877929688,101.16487884521484,21771500
2022-12-02,99.37000274658203,101.1500015258789,99.16999816894531,100.83000183105469,100.71539306640625,18821500
2022-12-05,99.81500244140625,101.75,99.3550033569336,99.87000274658203,99.75648498535156,19955500
2022-12-06,99.66999816894531,100.20999908447266,96.76000213623047,97.30999755859375,97.19938659667969,20877600
2022-12-07,96.7699966430664,97.30999755859375,95.0250015258789,95.1500015258789,95.0418472290039,26647900
2022-12-08,95.69000244140625,95.87000274658203,93.80000305175781,93.94999694824219,93.84320831298828,25593200
2022-12-09,93.9000015258789,94.48999786376953,93.0199966430664,93.06999969482422,92.9642105102539,21885300
2022-12-12,93.08999633789062,93.875,91.9000015258789,93.55999755859375,93.45365142822266,27380900
2022-12-13,98.06999969482422,99.80000305175781,95.37999725341797,95.8499984741211,95.74105072021484,34788500
2022-12-14,95.54000091552734,97.22000122070312,93.94000244140625,95.30999755859375,95.20166015625,26452900
2022-12-15,93.54000091552734,94.02999877929688,90.43000030517578,91.19999694824219,91.0963363647461,28298800
2022-12-16,91.19999694824219,91.75,90.01000213623047,90.86000061035156,90.75672149658203,48485500
2022-12-19,90.87999725341797,91.19999694824219,88.92500305175781,89.1500015258789,89.04866790771484,23020500
2022-12-20,88.7300033569336,89.77999877929688,88.04000091552734,89.62999725341797,89.52812194824219,21976800
2022-12-21,89.7300033569336,90.91500091552734,88.91000366210938,90.25,90.14741516113281,20336400
2022-12-22,88.93000030517578,89.18000030517578,86.94000244140625,88.26000213623047,88.15968322753906,23656100
2022-12-23,87.62000274658203,90.0999984741211,87.62000274658203,89.80999755859375,89.70791625976562,17815000
2022-12-27,89.30999755859375,89.5,87.53500366210938,87.93000030517578,87.8300552368164,15470900
2022-12-28,87.5,88.5199966430664,86.37000274658203,86.45999908447266,86.36172485351562,17879600
2022-12-29,87.02999877929688,89.36499786376953,86.98999786376953,88.94999694824219,88.84889221191406,18280700
2022-12-30,87.36499786376953,88.83000183105469,87.02999877929688,88.7300033569336,88.629150390625,19190300
2023-01-03,89.83000183105469,91.55000305175781,89.0199966430664,89.69999694824219,89.59803771972656,20738500
2023-01-04,91.01000213623047,91.23999786376953,87.80000305175781,88.70999908447266,88.60916900634766,27046500
2023-01-05,88.06999969482422,88.20999908447266,86.55999755859375,86.7699966430664,86.67137145996094,23136100
2023-01-06,87.36000061035156,88.47000122070312,85.56999969482422,88.16000366210938,88.05979919433594,26612600
2023-01-09,89.19499969482422,90.83000183105469,88.58000183105469,88.80000305175781,88.69906616210938,22996700
2023-01-10,86.72000122070312,89.4749984741211,86.69999694824219,89.23999786376953,89.13856506347656,22855600
2023-01-11,90.05999755859375,92.44999694824219,89.73999786376953,92.26000213623047,92.15513610839844,25998800
2023-01-12,92.4000015258789,92.62000274658203,90.56999969482422,91.91000366210938,91.80553436279297,22754200
2023-01-13,91.52799987792969,92.9800033569336,90.93000030517578,92.80000305175781,92.69451904296875,18630700
2023-01-17,92.77999877929688,92.97000122070312,90.83999633789062,92.16000366210938,92.05525207519531,22935800
2023-01-18,92.94000244140625,93.58799743652344,91.4000015258789,91.77999877929688,91.67567443847656,19641600
2023-01-19,91.38999938964844,94.4000015258789,91.37999725341797,93.91000366210938,93.80326080322266,28707700
2023-01-20,95.94999694824219,99.41999816894531,95.91000366210938,99.27999877929688,99.16715240478516,53704800
2023-01-23,99.12999725341797,101.4000015258789,98.75,101.20999908447266,101.09495544433594,31791800
2023-01-24,99.55000305175781,101.08999633789062,98.69999694824219,99.20999908447266,99.09722900390625,27391400
2023-01-25,97.19999694824219,97.72000122070312,95.26200103759766,96.7300033569336,96.62005615234375,31000900
2023-01-26,98.27999877929688,99.20999908447266,96.81999969482422,99.16000366210938,99.04729461669922,24542100
2023-01-27,99.05000305175781,101.58000183105469,98.97000122070312,100.70999908447266,100.59552764892578,29020400
2023-01-30,98.74500274658203,99.40899658203125,97.5199966430664,97.94999694824219,97.83866119384766,24365100
2023-01-31,97.86000061035156,99.91000366210938,97.79000091552734,99.87000274658203,99.75648498535156,22306800
2023-02-01,99.73999786376953,102.19000244140625,98.41999816894531,101.43000030517578,101.31471252441406,26392600
2023-02-02,106.79000091552734,108.81999969482422,106.54000091552734,108.80000305175781,108.67633056640625,46622600
2023-02-03,103.51000213623047,108.0199966430664,103.30000305175781,105.22000122070312,105.10040283203125,36823400
2023-02-06,102.68499755859375,104.69999694824219,102.20999908447266,103.47000122070312,103.3523941040039,25573000
2023-02-07,103.62999725341797,108.66999816894531,103.5479965209961,108.04000091552734,107.91719818115234,33738800
2023-02-08,102.69000244140625,103.58000183105469,98.45500183105469,100.0,99.88633728027344,73546000
2023-02-09,100.54000091552734,100.61000061035156,93.86000061035156,95.45999908447266,95.35149383544922,97798600
2023-02-10,95.73999786376953,97.0199966430664,94.52999877929688,94.86000061035156,94.7521743774414,49325300
2023-02-13,95.01000213623047,95.3499984741211,94.05000305175781,95.0,94.89201354980469,43116600
2023-02-14,94.66000366210938,95.17500305175781,92.6500015258789,94.94999694824219,94.84207153320312,42513100
2023-02-15,94.73999786376953,97.33999633789062,94.36000061035156,97.0999984741211,96.98963165283203,36964500
2023-02-16,95.54000091552734,97.87999725341797,94.97000122070312,95.77999877929688,95.67112731933594,35642100
2023-02-17,95.06999969482422,95.75,93.44999694824219,94.58999633789062,94.48248291015625,31095100
2023-02-21,93.23999786376953,93.41500091552734,92.0,92.05000305175781,91.94537353515625,28367200
2023-02-22,91.93399810791016,92.36000061035156,90.87000274658203,91.80000305175781,91.6956558227539,29891100
2023-02-23,92.12999725341797,92.12999725341797,90.01000213623047,91.06999969482422,90.96648406982422,32423700
2023-02-24,89.62999725341797,90.12999725341797,88.86000061035156,89.3499984741211,89.2484359741211,31295600
2023-02-27,90.08999633789062,90.44999694824219,89.61000061035156,90.0999984741211,89.99758911132812,22724300
2023-02-28,89.54000091552734,91.44999694824219,89.5199966430664,90.30000305175781,90.1973648071289,30546900
2023-03-01,90.16000366210938,91.19999694824219,89.8499984741211,90.51000213623047,90.40711975097656,26323900
2023-03-02,89.86000061035156,92.4800033569336,89.7699966430664,92.30999755859375,92.20507049560547,23328600
2023-03-03,92.73999786376953,94.11000061035156,92.66000366210938,94.0199966430664,93.91312408447266,30242500
2023-03-06,94.36000061035156,96.30000305175781,94.30000305175781,95.58000183105469,95.47135925292969,28288200
2023-03-07,95.41999816894531,96.08999633789062,93.84400177001953,94.16999816894531,94.06295776367188,24101500
2023-03-08,94.40499877929688,96.23999786376953,94.40499877929688,94.6500015258789,94.54241943359375,25395200
2023-03-09,94.48999786376953,95.91999816894531,92.3550033569336,92.66000366210938,92.55467987060547,24438900
2023-03-10,92.5,93.18000030517578,90.80000305175781,91.01000213623047,90.90655517578125,32850100
2023-03-13,90.56500244140625,93.08000183105469,89.94000244140625,91.66000366210938,91.55581665039062,31508600
2023-03-14,93.06999969482422,94.83000183105469,92.77999877929688,94.25,94.14286804199219,32303900
2023-03-15,93.54000091552734,97.25,93.04000091552734,96.55000305175781,96.44026184082031,38367300
2023-03-16,96.56999969482422,101.97000122070312,95.87000274658203,101.06999969482422,100.95511627197266,54499500
2023-03-17,100.83999633789062,103.48999786376953,100.75,102.45999908447266,102.34353637695312,76140300
2023-03-20,101.05999755859375,102.58000183105469,100.79000091552734,101.93000030517578,101.81414031982422,26033900
2023-03-21,101.9800033569336,105.95999908447266,101.86000061035156,105.83999633789062,105.71968841552734,33122800
2023-03-22,105.13999938964844,107.51000213623047,104.20999908447266,104.22000122070312,104.1015396118164,32336900
2023-03-23,105.88999938964844,107.10099792480469,105.41000366210938,106.26000213623047,106.13922119140625,31385800
2023-03-24,105.73999786376953,106.16000366210938,104.73999786376953,106.05999755859375,105.93944549560547,25236200
2023-03-27,105.31999969482422,105.4000015258789,102.62999725341797,103.05999755859375,102.94285583496094,25393400
2023-03-28,103.0,103.0,100.27999877929688,101.36000061035156,101.24478912353516,24913500
2023-03-29,102.72000122070312,102.81999969482422,101.02999877929688,101.9000015258789,101.78417205810547,26148300
2023-03-30,101.44000244140625,101.61000061035156,100.29000091552734,101.31999969482422,101.204833984375,25009800
2023-03-31,101.70999908447266,104.19000244140625,101.44000244140625,104.0,103.88179016113281,28108000
2023-04-03,102.66999816894531,104.94999694824219,102.37999725341797,104.91000366210938,104.79075622558594,20719900
2023-04-04,104.83999633789062,106.0999984741211,104.5999984741211,105.12000274658203,105.00051879882812,20377200
2023-04-05,106.12000274658203,106.54000091552734,104.10199737548828,104.94999694824219,104.83070373535156,21864200
2023-04-06,105.7699966430664,109.62999725341797,104.81500244140625,108.9000015258789,108.7762222290039,34684200
2023-04-10,107.38999938964844,107.97000122070312,105.5999984741211,106.94999694824219,106.82843017578125,19741500
2023-04-11,106.91999816894531,107.22000122070312,105.27999877929688,106.12000274658203,105.99938201904297,18721300
2023-04-12,107.38999938964844,107.58699798583984,104.97000122070312,105.22000122070312,105.10040283203125,22761600
2023-04-13,106.47000122070312,108.26499938964844,106.44000244140625,108.19000244140625,108.06702423095703,21650700
2023-04-14,107.69000244140625,109.58000183105469,107.58999633789062,109.45999908447266,109.33557891845703,20758700
2023-04-17,105.43000030517578,106.70999908447266,105.31999969482422,106.41999816894531,106.29903411865234,29043400
2023-04-18,107.0,107.05000305175781,104.77999877929688,105.12000274658203,105.00051879882812,17641400
2023-04-19,104.21499633789062,105.7249984741211,103.80000305175781,105.0199966430664,104.90062713623047,16732000
2023-04-20,104.6500015258789,106.88800048828125,104.63999938964844,105.9000015258789,105.77963256835938,22515300
2023-04-21,106.08999633789062,106.63999938964844,105.48500061035156,105.91000366210938,105.78961944580078,22379000
2023-04-24,106.05000305175781,107.31999969482422,105.36000061035156,106.77999877929688,106.65862274169922,21410900
2023-04-25,106.61000061035156,107.44000244140625,104.55999755859375,104.61000061035156,104.49109649658203,31408100
2023-04-26,105.55999755859375,107.0199966430664,103.2699966430664,104.44999694824219,104.3312759399414,37068200
2023-04-27,105.2300033569336,109.1500015258789,104.41999816894531,108.37000274658203,108.246826171875,38235200
2023-04-28,107.80000305175781,108.29000091552734,106.04000091552734,108.22000122070312,108.09699249267578,23957900
2023-05-01,107.72000122070312,108.68000030517578,107.5,107.70999908447266,107.58757019042969,20926300
2023-05-02,107.66000366210938,107.7300033569336,104.5,105.9800033569336,105.85954284667969,20343100
2023-05-03,106.22000122070312,108.12999725341797,105.62000274658203,106.12000274658203,105.99938201904297,17116300
2023-05-04,106.16000366210938,106.30000305175781,104.69999694824219,105.20999908447266,105.09040832519531,19780600
2023-05-05,105.31999969482422,106.44000244140625,104.73899841308594,106.21499633789062,106.09426879882812,20705300
2023-05-08,105.79499816894531,108.41999816894531,105.79000091552734,108.23999786376953,108.1169662475586,17266000
2023-05-09,108.77999877929688,110.59500122070312,107.7249984741211,107.94000244140625,107.81731414794922,24782400
2023-05-10,108.55000305175781,113.51000213623047,108.4800033569336,112.27999877929688,112.15237426757812,47533500
2023-05-11,115.86000061035156,118.44000244140625,114.93000030517578,116.9000015258789,116.76712799072266,57115100
2023-05-12,117.0,118.26000213623047,116.55000305175781,117.91999816894531,117.78596496582031,31272500
2023-05-15,116.48999786376953,118.79499816894531,116.4800033569336,116.95999908447266,116.82705688476562,22107900
2023-05-16,116.83000183105469,121.19999694824219,116.83000183105469,120.08999633789062,119.9534912109375,32370100
2023-05-17,120.18000030517578,122.27999877929688,119.45999908447266,121.4800033569336,121.3419189453125,26659600
2023-05-18,121.55999755859375,123.9000015258789,121.48999786376953,123.5199966430664,123.37959289550781,27014500
2023-05-19,124.19999694824219,126.47899627685547,122.72000122070312,123.25,123.10990905761719,30251300
2023-05-22,123.51000213623047,127.05000305175781,123.44999694824219,125.87000274658203,125.7269287109375,29760200
2023-05-23,124.93000030517578,125.41999816894531,123.05000305175781,123.29000091552734,123.14986419677734,24477900
2023-05-24,121.87999725341797,122.75,120.75,121.63999938964844,121.50173950195312,23087900
2023-05-25,125.20999908447266,125.9800033569336,122.9000015258789,124.3499984741211,124.20865631103516,33812700
2023-05-26,124.06500244140625,126.0,123.29000091552734,125.43000030517578,125.28742980957031,25154700
2023-05-30,126.29000091552734,126.37999725341797,122.88999938964844,124.63999938964844,124.49832916259766,27230700
2023-05-31,123.69999694824219,124.9000015258789,123.0999984741211,123.37000274658203,123.22977447509766,41548800
2023-06-01,123.5,125.04000091552734,123.30000305175781,124.37000274658203,124.2286376953125,25017700
2023-06-02,124.48999786376953,126.74500274658203,124.3499984741211,125.2300033569336,125.08766174316406,19362400
2023-06-05,124.61000061035156,127.98999786376953,124.37999725341797,126.62999725341797,126.4860610961914,22672500
2023-06-06,126.5999984741211,128.8800048828125,125.97000122070312,127.91000366210938,127.76461029052734,19450100
2023-06-07,127.57499694824219,129.5500030517578,122.62999725341797,122.94000244140625,122.80026245117188,34179300
2023-06-08,122.58499908447266,123.7300033569336,122.01000213623047,122.66999816894531,122.53056335449219,24815000
2023-06-09,122.55999755859375,124.28500366210938,122.41999816894531,122.87000274658203,122.73033905029297,20304500
2023-06-12,123.3949966430664,124.75,122.3499984741211,124.3499984741211,124.20865631103516,22255700
2023-06-13,125.6500015258789,125.86000061035156,123.84500122070312,124.43000030517578,124.28856658935547,19287700
2023-06-14,123.80000305175781,124.79000091552734,122.16000366210938,124.37999725341797,124.23861694335938,24659600
2023-06-15,123.87999725341797,126.16000366210938,123.13999938964844,125.79000091552734,125.64701843261719,24517100
2023-06-16,126.69999694824219,126.69999694824219,123.79000091552734,124.05999755859375,123.91898345947266,56686800
2023-06-20,123.53500366210938,125.17500305175781,122.83000183105469,123.8499984741211,123.70922088623047,22698000
2023-06-21,123.23500061035156,123.41000366210938,120.86000061035156,121.26000213623047,121.1221694946289,22612000
2023-06-22,120.66000366210938,123.93499755859375,119.5999984741211,123.87000274658203,123.72920227050781,20781900
2023-06-23,122.04000091552734,123.44000244140625,121.86000061035156,123.0199966430664,122.88016510009766,29542900
2023-06-26,121.46600341796875,122.72000122070312,118.98999786376953,119.08999633789062,118.95462799072266,23185000
2023-06-27,117.83999633789062,119.8949966430664,116.91000366210938,119.01000213623047,118.87472534179688,27221700
2023-06-28,117.95999908447266,121.2699966430664,117.5999984741211,121.08000183105469,120.94237518310547,19753100
2023-06-29,120.08999633789062,120.91000366210938,119.20999908447266,120.01000213623047,119.87358856201172,18517500
2023-06-30,121.0999984741211,122.02999877929688,120.87999725341797,120.97000122070312,120.8324966430664,23865800
2023-07-03,120.31999969482422,121.0199966430664,119.70500183105469,120.55999755859375,120.42295837402344,13888300
2023-07-05,120.05999755859375,123.37000274658203,120.05999755859375,122.62999725341797,122.49060821533203,17830300
2023-07-06,120.63999938964844,121.1500015258789,119.25,120.93000030517578,120.79254150390625,17732500
2023-07-07,120.88999938964844,121.75,120.08999633789062,120.13999938964844,120.0034408569336,20982400
2023-07-10,119.06999969482422,119.06999969482422,116.63999938964844,116.87000274658203,116.7371597290039,32960100
2023-07-11,116.76000213623047,118.2249984741211,115.83000183105469,117.70999908447266,117.57620239257812,18286600
2023-07-12,119.30000305175781,120.95999908447266,119.0,119.62000274658203,119.4840316772461,22059600
2023-07-13,121.54000091552734,125.33499908447266,121.05999755859375,124.83000183105469,124.6881103515625,31535900
2023-07-14,125.12999725341797,127.08999633789062,124.9000015258789,125.69999694824219,125.55712127685547,20482800
2023-07-17,126.05999755859375,127.27999877929688,124.5,125.05999755859375,124.9178466796875,20675300
2023-07-18,124.90499877929688,124.98999786376953,123.30000305175781,124.08000183105469,123.93896484375,21071200
2023-07-19,124.79000091552734,125.47000122070312,122.47000122070312,122.77999877929688,122.64044189453125,22313800
2023-07-20,122.12000274658203,124.69999694824219,118.68499755859375,119.52999877929688,119.39413452148438,27541700
2023-07-21,120.87000274658203,121.30000305175781,119.06999969482422,120.30999755859375,120.17324829101562,56498100
2023-07-24,121.9260025024414,123.3499984741211,121.37999725341797,121.87999725341797,121.74146270751953,22276100
2023-07-25,121.87999725341797,123.69000244140625,121.52999877929688,122.79000091552734,122.65042877197266,31820800
2023-07-26,130.36000061035156,131.3699951171875,128.7100067138672,129.66000366210938,129.5126190185547,46216900
2023-07-27,131.8000030517578,133.60000610351562,129.17999267578125,129.8699951171875,129.72238159179688,35931600
2023-07-28,130.97000122070312,134.07000732421875,130.9199981689453,133.00999450683594,132.8588104248047,26971000
2023-07-31,133.00999450683594,133.8300018310547,132.1300048828125,133.11000061035156,132.9586944580078,18381900
2023-08-01,130.85499572753906,132.9199981689453,130.75,131.88999938964844,131.74008178710938,22154300
2023-08-02,129.83999633789062,130.4199981689453,127.8499984741211,128.63999938964844,128.4937744140625,22705800
2023-08-03,128.3699951171875,129.77000427246094,127.7750015258789,128.77000427246094,128.62364196777344,15018100
2023-08-04,129.60000610351562,131.92999267578125,128.31500244140625,128.5399932861328,128.39389038085938,20509500
2023-08-07,129.50999450683594,132.05999755859375,129.42999267578125,131.94000244140625,131.7900390625,17621000
2023-08-08,130.97999572753906,131.94000244140625,130.1300048828125,131.83999633789062,131.6901397705078,16836000
2023-08-09,132.19000244140625,132.47000122070312,129.5050048828125,130.14999389648438,130.00205993652344,17745200
2023-08-10,131.97000122070312,132.64700317382812,130.03500366210938,130.2100067138672,130.06199645996094,17855700
2023-08-11,129.20199584960938,130.44000244140625,128.75,130.1699981689453,130.02203369140625,15191500
2023-08-14,129.85000610351562,131.91000366210938,129.58999633789062,131.8300018310547,131.68016052246094,17526200
2023-08-15,131.58999633789062,131.99000549316406,129.81900024414062,130.27000427246094,130.12193298339844,14769200
2023-08-16,129.27999877929688,130.8979949951172,128.4600067138672,129.11000061035156,128.96324157714844,17548400
2023-08-17,130.4499969482422,132.49099731445312,129.85000610351562,130.4600067138672,130.3117218017578,23665600
2023-08-18,129.05999755859375,129.8300018310547,127.0,128.11000061035156,127.96438598632812,23619400
2023-08-21,127.8499984741211,129.25999450683594,127.16000366210938,128.92999267578125,128.783447265625,21851100
2023-08-22,129.1300048828125,130.9499969482422,128.9250030517578,129.69000244140625,129.54258728027344,15569400
2023-08-23,130.85000610351562,134.07000732421875,130.50999450683594,133.2100067138672,133.05859375,26497000
2023-08-24,134.7270050048828,134.97000122070312,130.3000030517578,130.4199981689453,130.27175903320312,18680400
2023-08-25,130.13999938964844,131.39999389648438,128.0399932861328,130.69000244140625,130.5414581298828,20678100
2023-08-28,132.0800018310547,133.24000549316406,130.85000610351562,131.7899932861328,131.64019775390625,16715500
2023-08-29,132.9980010986328,137.2949981689453,132.97999572753906,135.49000549316406,135.33599853515625,30803300
2023-08-30,135.57000732421875,137.25,135.02099609375,136.92999267578125,136.77435302734375,21773400
2023-08-31,137.0500030517578,138.39999389648438,136.82000732421875,137.35000610351562,137.19387817382812,28147900
2023-09-01,138.42999267578125,138.5800018310547,135.94000244140625,136.8000030517578,136.64450073242188,16665700
2023-09-05,136.44000244140625,137.3699951171875,135.55999755859375,136.7100067138672,136.5546112060547,17730200
2023-09-06,137.01499938964844,137.47999572753906,134.69000244140625,135.3699951171875,135.21612548828125,15814300
2023-09-07,134.60000610351562,136.5800018310547,133.9600067138672,136.1999969482422,136.04518127441406,16976000
2023-09-08,135.8699951171875,137.51499938964844,135.8699951171875,137.1999969482422,137.04405212402344,17810700
2023-09-11,137.3800048828125,138.26400756835938,136.5500030517578,137.74000549316406,137.58343505859375,17180800
2023-09-12,137.1300048828125,137.63999938964844,135.92999267578125,136.07000732421875,135.91534423828125,15212900
2023-09-13,135.89999389648438,137.6999969482422,134.92999267578125,137.5,137.3437042236328,16394900
2023-09-14,138.38999938964844,139.5500030517578,137.05999755859375,138.99000549316406,138.83201599121094,19064600
2023-09-15,138.8000030517578,139.36000061035156,137.17999267578125,138.3000030517578,138.14280700683594,48947600
2023-09-18,137.6300048828125,139.92999267578125,137.6300048828125,138.9600067138672,138.80206298828125,16233600
2023-09-19,138.25,139.1750030517578,137.5,138.8300018310547,138.6721954345703,15479100
2023-09-20,138.8300018310547,138.83999633789062,134.52000427246094,134.58999633789062,134.43701171875,21473500
2023-09-21,132.38999938964844,133.19000244140625,131.08999633789062,131.36000061035156,131.210693359375,22042700
2023-09-22,131.67999267578125,133.00999450683594,130.50999450683594,131.25,131.10081481933594,17348700
2023-09-25,130.77000427246094,132.22000122070312,130.02999877929688,132.1699981689453,132.01976013183594,14650000
2023-09-26,130.91400146484375,131.40499877929688,128.19000244140625,129.4499969482422,129.3028564453125,20378800
2023-09-27,129.44000244140625,131.72000122070312,129.3800048828125,131.4600067138672,131.31057739257812,18764200
2023-09-28,130.69000244140625,134.17999267578125,130.69000244140625,133.1300048828125,132.9786834716797,18201400
2023-09-29,134.0800018310547,134.88999938964844,131.32000732421875,131.85000610351562,131.70013427734375,23224200
2023-10-02,132.15499877929688,135.36000061035156,132.06500244140625,135.1699981689453,135.016357421875,19210400
2023-10-03,134.92999267578125,135.24000549316406,132.81500244140625,133.3000030517578,133.1484832763672,19628700
2023-10-04,133.66000366210938,136.57000732421875,133.42999267578125,136.27000427246094,136.1151123046875,22848000
2023-10-05,136.1300048828125,136.5,134.4550018310547,135.99000549316406,135.83543395996094,15922900
2023-10-06,134.94000244140625,139.18600463867188,134.94000244140625,138.72999572753906,138.5723114013672,20819300
2023-10-09,137.99000549316406,139.97000122070312,136.6999969482422,139.5,139.3414306640625,16599100
2023-10-10,139.50999450683594,140.74000549316406,138.42999267578125,139.1999969482422,139.04177856445312,19554900
2023-10-11,139.85000610351562,142.22000122070312,139.83999633789062,141.6999969482422,141.53892517089844,20146300
2023-10-12,142.16000366210938,142.3800048828125,139.4499969482422,140.2899932861328,140.13052368164062,18173100
2023-10-13,140.64999389648438,141.33999633789062,137.97000122070312,138.5800018310547,138.4224853515625,19438700
2023-10-16,139.72999572753906,140.90499877929688,139.32000732421875,140.49000549316406,140.330322265625,17345600
2023-10-17,140.02999877929688,141.25,138.5290069580078,140.99000549316406,140.82974243164062,17424000
2023-10-18,140.75,141.99000549316406,138.7050018310547,139.27999877929688,139.12168884277344,18304900
2023-10-19,139.8000030517578,141.0050048828125,138.60000610351562,138.97999572753906,138.822021484375,21831200
2023-10-20,138.58999633789062,139.0399932861328,136.2449951171875,136.74000549316406,136.58457946777344,24953900
2023-10-23,136.22999572753906,139.02000427246094,135.11000061035156,137.89999389648438,137.74325561523438,20780700
2023-10-24,139.16000366210938,140.7100067138672,138.75,140.1199951171875,139.96072387695312,26535200
2023-10-25,129.77000427246094,130.10000610351562,126.08999633789062,126.66999816894531,126.52601623535156,58796100
2023-10-26,124.47000122070312,125.45999908447266,122.31999969482422,123.44000244140625,123.29969024658203,33907400
2023-10-27,124.02999877929688,124.44000244140625,121.45999908447266,123.4000015258789,123.25973510742188,37367700
2023-10-30,124.45999908447266,126.55000305175781,123.87999725341797,125.75,125.60706329345703,24165600
2023-10-31,126.2699966430664,126.55999755859375,123.92500305175781,125.30000305175781,125.15757751464844,21123400
2023-11-01,125.33999633789062,127.73999786376953,124.92500305175781,127.56999969482422,127.42499542236328,26536600
2023-11-02,129.55999755859375,130.08999633789062,128.11000061035156,128.5800018310547,128.43385314941406,24091700
2023-11-03,129.08999633789062,130.72999572753906,129.00999450683594,130.3699951171875,130.2218017578125,19517900
2023-11-06,130.22000122070312,131.55999755859375,129.92999267578125,131.4499969482422,131.3005828857422,15360400
2023-11-07,131.97999572753906,133.27999877929688,131.13999938964844,132.39999389648438,132.24949645996094,19223800
2023-11-08,132.36000061035156,133.5399932861328,132.16000366210938,133.25999450683594,133.1085205078125,15093600
2023-11-09,133.36000061035156,133.9600067138672,131.50999450683594,131.69000244140625,131.54031372070312,17976500
2023-11-10,131.52999877929688,134.27000427246094,130.8699951171875,134.05999755859375,133.90762329101562,20872900
2023-11-13,133.36000061035156,134.11000061035156,132.77000427246094,133.63999938964844,133.48809814453125,16409900
2023-11-14,135.64999389648438,137.24000549316406,135.10000610351562,135.42999267578125,135.27606201171875,22317300
2023-11-15,136.63999938964844,136.83999633789062,135.3300018310547,136.3800048828125,136.22499084472656,15840900
2023-11-16,136.9600067138672,138.8800048828125,136.0800018310547,138.6999969482422,138.54234313964844,17615100
2023-11-17,137.82000732421875,138.0,135.47999572753906,136.94000244140625,136.7843475341797,25565300
2023-11-20,135.5,138.4250030517578,135.49000549316406,137.9199981689453,137.7632293701172,19569400
2023-11-21,137.94000244140625,138.96499633789062,137.7050018310547,138.6199951171875,138.46243286132812,17648100
2023-11-22,139.10000610351562,141.10000610351562,139.0,140.02000427246094,139.86085510253906,17306400
2023-11-24,139.5399932861328,139.677001953125,137.47000122070312,138.22000122070312,138.06289672851562,8828600
2023-11-27,137.57000732421875,139.6300048828125,137.5399932861328,138.0500030517578,137.89308166503906,17886400
2023-11-28,137.6300048828125,138.66000366210938,137.0399932861328,138.6199951171875,138.46243286132812,17046900
2023-11-29,138.98500061035156,139.6699981689453,136.2949981689453,136.39999389648438,136.2449493408203,21014700
2023-11-30,136.39999389648438,136.9600067138672,132.7899932861328,133.9199981689453,133.7677764892578,29913500
2023-12-01,133.32000732421875,133.5,132.15199279785156,133.32000732421875,133.16847229003906,24258400
2023-12-04,131.29400634765625,131.4499969482422,129.39999389648438,130.6300048828125,130.4815216064453,24117100
2023-12-05,130.3699951171875,133.5399932861328,129.72999572753906,132.38999938964844,132.23951721191406,19235100
2023-12-06,132.89999389648438,133.30999755859375,131.30999755859375,131.42999267578125,131.2805938720703,16360600
2023-12-07,136.60000610351562,140.0,136.22999572753906,138.4499969482422,138.29263305664062,38419400
2023-12-08,135.66000366210938,137.99000549316406,135.57000732421875,136.63999938964844,136.48468017578125,22990900
2023-12-11,133.82000732421875,134.7899932861328,132.88999938964844,134.6999969482422,134.54689025878906,24502900
2023-12-12,133.27000427246094,134.5399932861328,132.8300018310547,133.63999938964844,133.48809814453125,26584000
2023-12-13,134.5449981689453,134.77999877929688,132.9499969482422,133.97000122070312,133.81771850585938,25414500
2023-12-14,134.77000427246094,135.03500366210938,131.05999755859375,133.1999969482422,133.04859924316406,29619100
2023-12-15,132.9199981689453,134.8300018310547,132.6300048828125,133.83999633789062,133.6878662109375,58569400
2023-12-18,133.86000061035156,138.3800048828125,133.77000427246094,137.19000244140625,137.0340576171875,25699800
2023-12-19,138.0,138.77000427246094,137.4499969482422,138.10000610351562,137.9430389404297,20661000
2023-12-20,140.3300018310547,143.0780029296875,139.41000366210938,139.66000366210938,139.50125122070312,33507300
2023-12-21,140.77000427246094,142.02999877929688,140.47300720214844,141.8000030517578,141.63882446289062,18101500
2023-12-22,142.1300048828125,143.25,142.05499267578125,142.72000122070312,142.55776977539062,18494700
2023-12-26,142.97999572753906,143.94500732421875,142.5,142.82000732421875,142.6576690673828,11170100
2023-12-27,142.8300018310547,143.32000732421875,141.05099487304688,141.44000244140625,141.27923583984375,17288400
2023-12-28,141.85000610351562,142.27000427246094,140.8280029296875,141.27999877929688,141.11941528320312,12192500
2023-12-29,140.67999267578125,141.43499755859375,139.89999389648438,140.92999267578125,140.76980590820312,14872700
2024-01-02,139.60000610351562,140.61500549316406,137.74000549316406,139.55999755859375,139.4013671875,20071900
2024-01-03,138.60000610351562,141.08999633789062,138.42999267578125,140.36000061035156,140.20045471191406,18974300
2024-01-04,139.85000610351562,140.63499450683594,138.00999450683594,138.0399932861328,137.88308715820312,18253300
2024-01-05,138.3520050048828,138.80999755859375,136.85000610351562,137.38999938964844,137.2338409423828,15433200
2024-01-08,138.0,140.63999938964844,137.8800048828125,140.52999877929688,140.37026977539062,17645300
2024-01-09,140.05999755859375,142.8000030517578,139.7899932861328,142.55999755859375,142.39794921875,19579700
2024-01-10,142.52000427246094,144.52499389648438,142.4600067138672,143.8000030517578,143.6365509033203,16641900
2024-01-11,144.89500427246094,146.66000366210938,142.21499633789062,143.6699981689453,143.50669860839844,17471100
2024-01-12,144.33999633789062,144.74000549316406,143.36000061035156,144.24000549316406,144.0760498046875,13995200
2024-01-16,143.42999267578125,145.83999633789062,143.05599975585938,144.0800018310547,143.91622924804688,19198900
2024-01-17,142.91000366210938,143.41000366210938,140.50999450683594,142.88999938964844,142.7275848388672,17884500
2024-01-18,143.44000244140625,145.5850067138672,143.35000610351562,144.99000549316406,144.8251953125,18876800
2024-01-19,146.30499267578125,148.0399932861328,145.8000030517578,147.97000122070312,147.8018035888672,27170900
2024-01-22,148.7100067138672,150.01499938964844,147.5800018310547,147.7100067138672,147.5421142578125,21829200
2024-01-23,147.72000122070312,148.86000061035156,147.19000244140625,148.67999267578125,148.51100158691406,14113600
2024-01-24,150.2899932861328,151.57000732421875,149.83999633789062,150.35000610351562,150.17910766601562,19245000
2024-01-25,151.74000549316406,154.75999450683594,151.22000122070312,153.63999938964844,153.46536254882812,21495100
2024-01-26,152.8699951171875,154.11000061035156,152.8000030517578,153.7899932861328,153.6151885986328,19494500
2024-01-29,153.63999938964844,155.1999969482422,152.9199981689453,154.83999633789062,154.66400146484375,20909300
2024-01-30,154.00999450683594,155.0399932861328,152.77499389648438,153.0500030517578,152.87603759765625,26578900
2024-01-31,145.38999938964844,145.58999633789062,141.5500030517578,141.8000030517578,141.63882446289062,43908600
2024-02-01,143.69000244140625,144.6199951171875,142.25999450683594,142.7100067138672,142.54779052734375,25526900
2024-02-02,140.88999938964844,143.8800048828125,138.1699981689453,143.5399932861328,143.3768310546875,42116900
2024-02-05,144.0399932861328,146.6699981689453,143.91000366210938,144.92999267578125,144.7652587890625,29254400
2024-02-06,145.9600067138672,146.74000549316406,144.52000427246094,145.41000366210938,145.24472045898438,21517700
2024-02-07,146.1199951171875,147.0,145.2100067138672,146.67999267578125,146.5132598876953,21436100
2024-02-08,146.97000122070312,147.61000061035156,146.4199981689453,147.22000122070312,147.0526580810547,18241300
2024-02-09,147.9499969482422,150.69500732421875,147.42999267578125,150.22000122070312,150.04925537109375,21877700
2024-02-12,149.5399932861328,150.58999633789062,148.55999755859375,148.72999572753906,148.56094360351562,17236100
2024-02-13,146.07000732421875,148.0399932861328,145.11000061035156,146.3699951171875,146.20362854003906,18138500
2024-02-14,147.3699951171875,147.8300018310547,145.55499267578125,147.13999938964844,146.97274780273438,16651800
2024-02-15,144.4600067138672,144.75999450683594,141.8800048828125,143.94000244140625,143.77639770507812,26724300
2024-02-16,144.2100067138672,144.47999572753906,141.52000427246094,141.75999450683594,141.59886169433594,21849700
2024-02-20,140.94000244140625,143.32899475097656,140.8000030517578,142.1999969482422,142.03836059570312,18625600
2024-02-21,142.63999938964844,143.97999572753906,141.91000366210938,143.83999633789062,143.67649841308594,16499600
2024-02-22,146.1199951171875,146.1999969482422,144.00999450683594,145.32000732421875,145.1548309326172,23024700
2024-02-23,144.97000122070312,145.9550018310547,144.7899932861328,145.2899932861328,145.12484741210938,14519400
2024-02-26,143.4499969482422,143.83999633789062,138.74000549316406,138.75,138.59228515625,33513000
2024-02-27,139.41000366210938,140.49000549316406,138.5,140.10000610351562,139.94076538085938,22364000
2024-02-28,139.10000610351562,139.27999877929688,136.63999938964844,137.42999267578125,137.27378845214844,30628700
2024-02-29,138.35000610351562,139.9499969482422,137.57000732421875,139.77999877929688,139.62110900878906,35485000
2024-03-01,139.61000061035156,140.0,137.97500610351562,138.0800018310547,137.9230499267578,28522000
2024-03-04,136.5399932861328,136.6300048828125,132.86000061035156,134.1999969482422,134.04745483398438,43571500
2024-03-05,132.74000549316406,134.02000427246094,131.5500030517578,133.77999877929688,133.6279296875,28447600
2024-03-06,134.24000549316406,134.74000549316406,131.9499969482422,132.55999755859375,132.40931701660156,23175200
2024-03-07,133.88999938964844,135.82000732421875,132.66000366210938,135.24000549316406,135.08628845214844,24107300
2024-03-08,135.03500366210938,138.98500061035156,134.8000030517578,136.2899932861328,136.13507080078125,26472400
2024-03-11,137.07000732421875,139.97999572753906,137.07000732421875,138.94000244140625,138.78207397460938,22536400
2024-03-12,138.25,140.27999877929688,138.2100067138672,139.6199951171875,139.46128845214844,19019700
2024-03-13,140.05999755859375,142.19000244140625,140.00999450683594,140.77000427246094,140.61000061035156,19637000
2024-03-14,142.3000030517578,144.72999572753906,141.48500061035156,144.33999633789062,144.17593383789062,36117900
2024-03-15,143.41000366210938,144.33999633789062,141.1300048828125,142.1699981689453,142.00839233398438,41025900
2024-03-18,149.3699951171875,152.92999267578125,148.13999938964844,148.47999572753906,148.31121826171875,47676700
2024-03-19,148.97999572753906,149.6199951171875,147.00999450683594,147.9199981689453,147.75186157226562,17748400
2024-03-20,148.7899932861328,149.75999450683594,147.6649932861328,149.67999267578125,149.50985717773438,17730000
2024-03-21,150.32000732421875,151.30499267578125,148.00999450683594,148.74000549316406,148.57093811035156,19843900
2024-03-22,150.24000549316406,152.55999755859375,150.08999633789062,151.77000427246094,151.5974884033203,19226300
2024-03-25,150.9499969482422,151.45599365234375,148.8000030517578,151.14999389648438,150.9781951904297,15114700
2024-03-26,151.24000549316406,153.1999969482422,151.02999877929688,151.6999969482422,151.52757263183594,19312700
2024-03-27,152.14500427246094,152.69000244140625,150.1300048828125,151.94000244140625,151.76730346679688,16622000
2024-03-28,152.0,152.6699981689453,151.3300018310547,152.25999450683594,152.08692932128906,21105600
2024-04-01,151.8300018310547,157.0,151.64999389648438,156.5,156.32211303710938,24469800
2024-04-02,154.75,155.99000549316406,153.4600067138672,155.8699951171875,155.6928253173828,17598100
2024-04-03,154.9199981689453,156.5500030517578,154.1320037841797,156.3699951171875,156.1922607421875,17266200
2024-04-04,155.0800018310547,156.17999267578125,151.8800048828125,151.94000244140625,151.76730346679688,24184800
2024-04-05,151.67999267578125,154.83999633789062,151.08099365234375,153.94000244140625,153.76502990722656,16289800
2024-04-08,154.01499938964844,156.65499877929688,153.99000549316406,156.13999938964844,155.9625244140625,16641500
2024-04-09,157.35000610351562,159.88999938964844,156.63999938964844,158.13999938964844,157.9602508544922,21538100
2024-04-10,157.8800048828125,158.16000366210938,156.1999969482422,157.66000366210938,157.48080444335938,16339200
2024-04-11,158.33999633789062,161.1199951171875,157.92999267578125,160.7899932861328,160.6072235107422,17841700
2024-04-12,159.40499877929688,161.6999969482422,158.60000610351562,159.19000244140625,159.00906372070312,16968200
2024-04-15,160.27999877929688,160.8300018310547,156.14999389648438,156.3300018310547,156.15231323242188,21140900
2024-04-16,155.63999938964844,157.22999572753906,155.0500030517578,156.0,155.8226776123047,15413200
2024-04-17,157.19000244140625,158.68099975585938,156.13499450683594,156.8800048828125,156.70169067382812,16237800
2024-04-18,156.9250030517578,158.48500061035156,156.2100067138672,157.4600067138672,157.28102111816406,14016100
2024-04-19,157.75,157.99000549316406,153.91000366210938,155.72000122070312,155.54299926757812,20063900
2024-04-22,156.00999450683594,159.18499755859375,155.66000366210938,157.9499969482422,157.7704620361328,17243900
2024-04-23,158.58999633789062,160.47999572753906,157.96499633789062,159.9199981689453,159.73822021484375,16115400
2024-04-24,159.08999633789062,161.38999938964844,158.82000732421875,161.10000610351562,160.91688537597656,19485700
2024-04-25,153.36000061035156,158.27999877929688,152.76800537109375,157.9499969482422,157.7704620361328,36197800
2024-04-26,175.99000549316406,176.4199981689453,171.39999389648438,173.69000244140625,173.49256896972656,56500800
2024-04-29,170.77000427246094,171.3800048828125,167.05999755859375,167.89999389648438,167.7091522216797,35914600
2024-04-30,167.3800048828125,169.8699951171875,164.5,164.63999938964844,164.45286560058594,29420800
2024-05-01,166.17999267578125,168.80999755859375,164.89999389648438,165.57000732421875,165.38180541992188,25223200
2024-05-02,166.6699981689453,168.52999877929688,165.69000244140625,168.4600067138672,168.26852416992188,17041100
2024-05-03,169.5399932861328,169.85000610351562,164.97999572753906,168.99000549316406,168.7979278564453,22767100
2024-05-06,169.22000122070312,169.89999389648438,167.88999938964844,169.8300018310547,169.636962890625,15147900
2024-05-07,170.1199951171875,173.47000122070312,170.0,172.97999572753906,172.7833709716797,21102400
2024-05-08,170.75,171.90899658203125,170.52200317382812,171.16000366210938,170.9654541015625,14569900
2024-05-09,171.14999389648438,172.44000244140625,169.92999267578125,171.5800018310547,171.38497924804688,11937700
2024-05-10,169.69000244140625,171.33999633789062,167.91000366210938,170.2899932861328,170.096435546875,18740500
2024-05-13,165.8470001220703,170.9499969482422,165.75999450683594,170.89999389648438,170.7057342529297,19648600
2024-05-14,171.58999633789062,172.77999877929688,170.4199981689453,171.92999267578125,171.7345733642578,18729500
2024-05-15,172.3000030517578,174.04600524902344,172.02999877929688,173.8800048828125,173.68235778808594,20958200
2024-05-16,174.60000610351562,176.33999633789062,174.0500030517578,175.42999267578125,175.2305908203125,17247300
2024-05-17,175.5500030517578,177.4949951171875,174.97999572753906,177.2899932861328,177.08847045898438,16546400
2024-05-20,177.30999755859375,179.9499969482422,177.22500610351562,178.4600067138672,178.2571563720703,17495100
2024-05-21,178.39999389648438,179.82000732421875,177.30999755859375,179.5399932861328,179.33592224121094,14706000
2024-05-22,178.39999389648438,178.8520050048828,176.77999877929688,178.0,177.79766845703125,16189400
2024-05-23,178.77999877929688,179.91000366210938,174.5399932861328,175.05999755859375,174.8610076904297,14928400
2024-05-24,176.52000427246094,177.3040008544922,175.1999969482422,176.3300018310547,176.12957763671875,11400600
2024-05-28,175.74000549316406,178.50999450683594,175.67999267578125,178.02000427246094,177.81765747070312,15655300
2024-05-29,176.80999755859375,178.22999572753906,176.25999450683594,177.39999389648438,177.19834899902344,15023800
2024-05-30,176.69000244140625,176.69000244140625,173.22999572753906,173.55999755859375,173.3627166748047,18844000
2024-05-31,173.39999389648438,174.4199981689453,170.97000122070312,173.9600067138672,173.76226806640625,28085200
2024-06-03,173.8800048828125,175.86000061035156,172.4499969482422,174.4199981689453,174.22174072265625,20742800
2024-06-04,174.4499969482422,175.19000244140625,173.22000122070312,175.1300048828125,174.93093872070312,14066600
2024-06-05,176.53500366210938,177.97000122070312,175.2899932861328,177.07000732421875,176.86874389648438,15233900
2024-06-06,177.42999267578125,178.7100067138672,177.2100067138672,178.35000610351562,178.14727783203125,14255800
2024-06-07,178.4600067138672,179.4199981689453,175.7899932861328,175.9499969482422,175.75,14716300
2024-06-10,176.4499969482422,178.47000122070312,174.3800048828125,176.6300048828125,176.6300048828125,17122200
2024-06-11,177.72000122070312,178.38999938964844,175.44000244140625,178.19000244140625,178.19000244140625,14402400
2024-06-12,179.75,182.0800018310547,177.77999877929688,179.55999755859375,179.55999755859375,18600400
2024-06-13,177.83999633789062,178.50999450683594,176.66000366210938,176.74000549316406,176.74000549316406,15956900
2024-06-14,175.8520050048828,178.72999572753906,175.8520050048828,178.3699951171875,178.3699951171875,12361600
2024-06-17,176.97999572753906,179.9199981689453,176.49000549316406,178.77999877929688,178.77999877929688,15272900
2024-06-18,178.7899932861328,178.91000366210938,175.6199951171875,176.4499969482422,176.4499969482422,15640300
2024-06-20,176.7100067138672,178.74000549316406,176.4600067138672,177.7100067138672,177.7100067138672,16753200
2024-06-21,178.49000549316406,182.51199340820312,178.05999755859375,180.25999450683594,180.25999450683594,59728000
2024-06-24,181.27999877929688,182.0800018310547,180.22999572753906,180.7899932861328,180.7899932861328,18198300
2024-06-25,181.14500427246094,185.75,181.10499572753906,185.5800018310547,185.5800018310547,18917700
2024-06-26,184.1999969482422,185.92999267578125,183.99000549316406,185.3699951171875,185.3699951171875,13375700
2024-06-27,185.64500427246094,187.5,185.4499969482422,186.86000061035156,186.86000061035156,13025700
2024-06-28,185.72000122070312,186.5800018310547,183.3249969482422,183.4199981689453,183.4199981689453,23032400
2024-07-01,184.47999572753906,185.33999633789062,182.72999572753906,184.49000549316406,184.49000549316406,11815900
2024-07-02,183.47000122070312,186.9499969482422,183.05999755859375,186.61000061035156,186.61000061035156,12555500
2024-07-03,186.3000030517578,187.6199951171875,185.38499450683594,187.38999938964844,187.38999938964844,7409100
2024-07-05,187.32000732421875,192.25999450683594,187.32000732421875,191.9600067138672,191.9600067138672,14303400
2024-07-08,191.36500549316406,191.6790008544922,189.32000732421875,190.47999572753906,190.47999572753906,12097600
2024-07-09,191.75,192.86000061035156,190.22999572753906,190.44000244140625,190.44000244140625,10198500
2024-07-10,190.75,193.30999755859375,190.6199951171875,192.66000366210938,192.66000366210938,12052900
2024-07-11,191.33999633789062,192.41000366210938,186.82000732421875,187.3000030517578,187.3000030517578,16452000
2024-07-12,186.9199981689453,188.69000244140625,186.13999938964844,186.77999877929688,186.77999877929688,14449100
2024-07-15,186.49000549316406,189.89999389648438,186.49000549316406,188.19000244140625,188.19000244140625,12186000
2024-07-16,188.9600067138672,190.33999633789062,185.1199951171875,185.5,185.5,12760100
2024-07-17,184.67999267578125,185.22999572753906,181.6199951171875,182.6199951171875,182.6199951171875,17376600
2024-07-18,183.5399932861328,184.0500030517578,178.2100067138672,179.22000122070312,179.22000122070312,17877200
2024-07-19,180.3699951171875,181.97000122070312,178.86000061035156,179.38999938964844,179.38999938964844,14485900
2024-07-22,182.35000610351562,184.3000030517578,181.89999389648438,183.35000610351562,183.35000610351562,16303900
2024-07-23,183.83999633789062,185.22000122070312,183.3300018310547,183.60000610351562,183.60000610351562,23772600
2024-07-24,175.38999938964844,177.9499969482422,173.57000732421875,174.3699951171875,174.3699951171875,31250700
2024-07-25,174.25,175.1999969482422,169.0500030517578,169.16000366210938,169.16000366210938,28967900
2024-07-26,168.77000427246094,169.83999633789062,165.86500549316406,168.67999267578125,168.67999267578125,25150100
2024-07-29,170.5,172.16000366210938,169.72000122070312,171.1300048828125,171.1300048828125,13768900
2024-07-30,171.8300018310547,172.9499969482422,170.1199951171875,171.86000061035156,171.86000061035156,13681400
2024-07-31,174.9199981689453,175.91000366210938,171.72000122070312,173.14999389648438,173.14999389648438,15650200
2024-08-01,171.97999572753906,175.67999267578125,170.50999450683594,172.4499969482422,172.4499969482422,17177800
2024-08-02,168.19000244140625,170.2100067138672,166.38999938964844,168.39999389648438,168.39999389648438,18888000
